[Probe:afterCollect] {"target":"geelooy/apps/code/index.html","fileCount":604,"entry":"geelooy/apps/code/index.html"}
[MerkavaModule:start] {"file":"geelooy/apps/code/js/main.js","from":"/","resolvedFile":"geelooy/apps/code/js/main.js","key":"geelooy/apps/code/js/main.js"}
[MerkavaModule:start] {"file":"geelooy/apps/code/js/main.js","from":"/","resolvedFile":"geelooy/apps/code/js/main.js","key":"geelooy/apps/code/js/main.js"}
[MerkavaModule:start] {"file":"/geelooy/apps/code/js/app/index.js","from":"geelooy/apps/code/js/main.js","resolvedFile":"/geelooy/apps/code/js/app/index.js","key":"geelooy/apps/code/js/app/index.js"}
[MerkavaModule:start] {"file":"/geelooy/apps/code/js/app/index.js","from":"geelooy/apps/code/js/main.js","resolvedFile":"/geelooy/apps/code/js/app/index.js","key":"geelooy/apps/code/js/app/index.js"}
[MerkavaModule:start] {"file":"/geelooy/apps/code/js/state.js","from":"geelooy/apps/code/js/app/index.js","resolvedFile":"/geelooy/apps/code/js/state.js","key":"geelooy/apps/code/js/state.js"}
[MerkavaModule:start] {"file":"/geelooy/apps/code/js/state.js","from":"geelooy/apps/code/js/app/index.js","resolvedFile":"/geelooy/apps/code/js/state.js","key":"geelooy/apps/code/js/state.js"}
[MerkavaModule:done] {"key":"geelooy/apps/code/js/state.js","exports":["State","DOM","initializeDOM"]}
[MerkavaModule:start] {"file":"/geelooy/apps/code/js/ui.js","from":"geelooy/apps/code/js/app/index.js","resolvedFile":"/geelooy/apps/code/js/ui.js","key":"geelooy/apps/code/js/ui.js"}
[MerkavaModule:start] {"file":"/geelooy/apps/code/js/ui.js","from":"geelooy/apps/code/js/app/index.js","resolvedFile":"/geelooy/apps/code/js/ui.js","key":"geelooy/apps/code/js/ui.js"}
[MerkavaModule:start] {"file":"/geelooy/apps/code/js/ui/core.js","from":"geelooy/apps/code/js/ui.js","resolvedFile":"/geelooy/apps/code/js/ui/core.js","key":"geelooy/apps/code/js/ui/core.js"}
[MerkavaModule:start] {"file":"/geelooy/apps/code/js/ui/core.js","from":"geelooy/apps/code/js/ui.js","resolvedFile":"/geelooy/apps/code/js/ui/core.js","key":"geelooy/apps/code/js/ui/core.js"}
[MerkavaModule:done] {"key":"geelooy/apps/code/js/ui/core.js","exports":["UICore"]}
[MerkavaModule:start] {"file":"/geelooy/apps/code/js/ui/notifications.js","from":"geelooy/apps/code/js/ui.js","resolvedFile":"/geelooy/apps/code/js/ui/notifications.js","key":"geelooy/apps/code/js/ui/notifications.js"}
[MerkavaModule:start] {"file":"/geelooy/apps/code/js/ui/notifications.js","from":"geelooy/apps/code/js/ui.js","resolvedFile":"/geelooy/apps/code/js/ui/notifications.js","key":"geelooy/apps/code/js/ui/notifications.js"}
[MerkavaModule:done] {"key":"geelooy/apps/code/js/ui/notifications.js","exports":["UINotifications"]}
[MerkavaModule:start] {"file":"/geelooy/apps/code/js/ui/dialogs.js","from":"geelooy/apps/code/js/ui.js","resolvedFile":"/geelooy/apps/code/js/ui/dialogs.js","key":"geelooy/apps/code/js/ui/dialogs.js"}
[MerkavaModule:start] {"file":"/geelooy/apps/code/js/ui/dialogs.js","from":"geelooy/apps/code/js/ui.js","resolvedFile":"/geelooy/apps/code/js/ui/dialogs.js","key":"geelooy/apps/code/js/ui/dialogs.js"}
[MerkavaModule:done] {"key":"geelooy/apps/code/js/ui/dialogs.js","exports":["UIDialogs"]}
[MerkavaModule:start] {"file":"/geelooy/apps/code/js/ui/line-numbers.js","from":"geelooy/apps/code/js/ui.js","resolvedFile":"/geelooy/apps/code/js/ui/line-numbers.js","key":"geelooy/apps/code/js/ui/line-numbers.js"}
[MerkavaModule:start] {"file":"/geelooy/apps/code/js/ui/line-numbers.js","from":"geelooy/apps/code/js/ui.js","resolvedFile":"/geelooy/apps/code/js/ui/line-numbers.js","key":"geelooy/apps/code/js/ui/line-numbers.js"}
[MerkavaModule:start] {"file":"/geelooy/apps/code/js/tools/ast-engine.js","from":"geelooy/apps/code/js/ui/line-numbers.js","resolvedFile":"/geelooy/apps/code/js/tools/ast-engine.js","key":"geelooy/apps/code/js/tools/ast-engine.js"}
[MerkavaModule:start] {"file":"/geelooy/apps/code/js/tools/ast-engine.js","from":"geelooy/apps/code/js/ui/line-numbers.js","resolvedFile":"/geelooy/apps/code/js/tools/ast-engine.js","key":"geelooy/apps/code/js/tools/ast-engine.js"}
[MerkavaModule:start] {"file":"/geelooy/apps/code/js/tools/ast/index.js","from":"geelooy/apps/code/js/tools/ast-engine.js","resolvedFile":"/geelooy/apps/code/js/tools/ast/index.js","key":"geelooy/apps/code/js/tools/ast/index.js"}
[MerkavaModule:start] {"file":"/geelooy/apps/code/js/tools/ast/index.js","from":"geelooy/apps/code/js/tools/ast-engine.js","resolvedFile":"/geelooy/apps/code/js/tools/ast/index.js","key":"geelooy/apps/code/js/tools/ast/index.js"}
[MerkavaModule:start] {"file":"/geelooy/apps/code/js/tools/ast/summary.js","from":"geelooy/apps/code/js/tools/ast/index.js","resolvedFile":"/geelooy/apps/code/js/tools/ast/summary.js","key":"geelooy/apps/code/js/tools/ast/summary.js"}
[MerkavaModule:start] {"file":"/geelooy/apps/code/js/tools/ast/summary.js","from":"geelooy/apps/code/js/tools/ast/index.js","resolvedFile":"/geelooy/apps/code/js/tools/ast/summary.js","key":"geelooy/apps/code/js/tools/ast/summary.js"}
[MerkavaModule:start] {"file":"/geelooy/apps/code/js/tools/linter.js","from":"geelooy/apps/code/js/tools/ast/summary.js","resolvedFile":"/geelooy/apps/code/js/tools/linter.js","key":"geelooy/apps/code/js/tools/linter.js"}
[MerkavaModule:start] {"file":"/geelooy/apps/code/js/tools/linter.js","from":"geelooy/apps/code/js/tools/ast/summary.js","resolvedFile":"/geelooy/apps/code/js/tools/linter.js","key":"geelooy/apps/code/js/tools/linter.js"}
[MerkavaModule:done] {"key":"geelooy/apps/code/js/tools/linter.js","exports":["Linter"]}
[MerkavaModule:start] {"file":"/geelooy/apps/code/js/tools/ast/docs.js","from":"geelooy/apps/code/js/tools/ast/summary.js","resolvedFile":"/geelooy/apps/code/js/tools/ast/docs.js","key":"geelooy/apps/code/js/tools/ast/docs.js"}
[MerkavaModule:start] {"file":"/geelooy/apps/code/js/tools/ast/docs.js","from":"geelooy/apps/code/js/tools/ast/summary.js","resolvedFile":"/geelooy/apps/code/js/tools/ast/docs.js","key":"geelooy/apps/code/js/tools/ast/docs.js"}
[MerkavaModule:done] {"key":"geelooy/apps/code/js/tools/ast/docs.js","exports":["ASTDocs"]}
[MerkavaModule:done] {"key":"geelooy/apps/code/js/tools/ast/summary.js","exports":["ASTSummary"]}
[MerkavaModule:start] {"file":"/geelooy/apps/code/js/tools/ast/folding.js","from":"geelooy/apps/code/js/tools/ast/index.js","resolvedFile":"/geelooy/apps/code/js/tools/ast/folding.js","key":"geelooy/apps/code/js/tools/ast/folding.js"}
[MerkavaModule:start] {"file":"/geelooy/apps/code/js/tools/ast/folding.js","from":"geelooy/apps/code/js/tools/ast/index.js","resolvedFile":"/geelooy/apps/code/js/tools/ast/folding.js","key":"geelooy/apps/code/js/tools/ast/folding.js"}
[MerkavaModule:done] {"key":"geelooy/apps/code/js/tools/ast/folding.js","exports":["ASTFolding"]}
[MerkavaModule:done] {"key":"geelooy/apps/code/js/tools/ast/index.js","exports":["ASTEngine"]}
[MerkavaModule:done] {"key":"geelooy/apps/code/js/tools/ast-engine.js","exports":["ASTEngine"]}
[MerkavaModule:start] {"file":"/geelooy/apps/code/js/visuals/settings.js","from":"geelooy/apps/code/js/ui/line-numbers.js","resolvedFile":"/geelooy/apps/code/js/visuals/settings.js","key":"geelooy/apps/code/js/visuals/settings.js"}
[MerkavaModule:start] {"file":"/geelooy/apps/code/js/visuals/settings.js","from":"geelooy/apps/code/js/ui/line-numbers.js","resolvedFile":"/geelooy/apps/code/js/visuals/settings.js","key":"geelooy/apps/code/js/visuals/settings.js"}
[MerkavaModule:done] {"key":"geelooy/apps/code/js/visuals/settings.js","exports":["VisualSettings"]}
[MerkavaModule:start] {"file":"/geelooy/apps/code/js/visuals/color-orbs.js","from":"geelooy/apps/code/js/ui/line-numbers.js","resolvedFile":"/geelooy/apps/code/js/visuals/color-orbs.js","key":"geelooy/apps/code/js/visuals/color-orbs.js"}
[MerkavaModule:start] {"file":"/geelooy/apps/code/js/visuals/color-orbs.js","from":"geelooy/apps/code/js/ui/line-numbers.js","resolvedFile":"/geelooy/apps/code/js/visuals/color-orbs.js","key":"geelooy/apps/code/js/visuals/color-orbs.js"}
[MerkavaModule:done] {"key":"geelooy/apps/code/js/visuals/color-orbs.js","exports":["ColorOrbs"]}
[MerkavaModule:done] {"key":"geelooy/apps/code/js/ui/line-numbers.js","exports":["UILineNumbers"]}
[MerkavaModule:done] {"key":"geelooy/apps/code/js/ui.js","exports":["UI"]}
[MerkavaModule:start] {"file":"/geelooy/apps/code/js/editor.js","from":"geelooy/apps/code/js/app/index.js","resolvedFile":"/geelooy/apps/code/js/editor.js","key":"geelooy/apps/code/js/editor.js"}
[MerkavaModule:start] {"file":"/geelooy/apps/code/js/editor.js","from":"geelooy/apps/code/js/app/index.js","resolvedFile":"/geelooy/apps/code/js/editor.js","key":"geelooy/apps/code/js/editor.js"}
[MerkavaModule:start] {"file":"/geelooy/apps/code/js/editor/index.js","from":"geelooy/apps/code/js/editor.js","resolvedFile":"/geelooy/apps/code/js/editor/index.js","key":"geelooy/apps/code/js/editor/index.js"}
[MerkavaModule:start] {"file":"/geelooy/apps/code/js/editor/index.js","from":"geelooy/apps/code/js/editor.js","resolvedFile":"/geelooy/apps/code/js/editor/index.js","key":"geelooy/apps/code/js/editor/index.js"}
[MerkavaModule:start] {"file":"/geelooy/apps/code/js/editor/core.js","from":"geelooy/apps/code/js/editor/index.js","resolvedFile":"/geelooy/apps/code/js/editor/core.js","key":"geelooy/apps/code/js/editor/core.js"}
[MerkavaModule:start] {"file":"/geelooy/apps/code/js/editor/core.js","from":"geelooy/apps/code/js/editor/index.js","resolvedFile":"/geelooy/apps/code/js/editor/core.js","key":"geelooy/apps/code/js/editor/core.js"}
[MerkavaModule:start] {"file":"/geelooy/apps/code/js/statusbar.js","from":"geelooy/apps/code/js/editor/core.js","resolvedFile":"/geelooy/apps/code/js/statusbar.js","key":"geelooy/apps/code/js/statusbar.js"}
[MerkavaModule:start] {"file":"/geelooy/apps/code/js/statusbar.js","from":"geelooy/apps/code/js/editor/core.js","resolvedFile":"/geelooy/apps/code/js/statusbar.js","key":"geelooy/apps/code/js/statusbar.js"}
[MerkavaModule:start] {"file":"/geelooy/apps/code/js/command-palette.js","from":"geelooy/apps/code/js/statusbar.js","resolvedFile":"/geelooy/apps/code/js/command-palette.js","key":"geelooy/apps/code/js/command-palette.js"}
[MerkavaModule:start] {"file":"/geelooy/apps/code/js/command-palette.js","from":"geelooy/apps/code/js/statusbar.js","resolvedFile":"/geelooy/apps/code/js/command-palette.js","key":"geelooy/apps/code/js/command-palette.js"}
[MerkavaModule:start] {"file":"/geelooy/apps/code/js/command-palette/index.js","from":"geelooy/apps/code/js/command-palette.js","resolvedFile":"/geelooy/apps/code/js/command-palette/index.js","key":"geelooy/apps/code/js/command-palette/index.js"}
[MerkavaModule:start] {"file":"/geelooy/apps/code/js/command-palette/index.js","from":"geelooy/apps/code/js/command-palette.js","resolvedFile":"/geelooy/apps/code/js/command-palette/index.js","key":"geelooy/apps/code/js/command-palette/index.js"}
[MerkavaModule:start] {"file":"/geelooy/apps/code/js/command-palette/commands.js","from":"geelooy/apps/code/js/command-palette/index.js","resolvedFile":"/geelooy/apps/code/js/command-palette/commands.js","key":"geelooy/apps/code/js/command-palette/commands.js"}
[MerkavaModule:start] {"file":"/geelooy/apps/code/js/command-palette/commands.js","from":"geelooy/apps/code/js/command-palette/index.js","resolvedFile":"/geelooy/apps/code/js/command-palette/commands.js","key":"geelooy/apps/code/js/command-palette/commands.js"}
[MerkavaModule:done] {"key":"geelooy/apps/code/js/command-palette/commands.js","exports":["PALETTE_COMMANDS"]}
[MerkavaModule:start] {"file":"/geelooy/apps/code/js/command-palette/executor.js","from":"geelooy/apps/code/js/command-palette/index.js","resolvedFile":"/geelooy/apps/code/js/command-palette/executor.js","key":"geelooy/apps/code/js/command-palette/executor.js"}
[MerkavaModule:start] {"file":"/geelooy/apps/code/js/command-palette/executor.js","from":"geelooy/apps/code/js/command-palette/index.js","resolvedFile":"/geelooy/apps/code/js/command-palette/executor.js","key":"geelooy/apps/code/js/command-palette/executor.js"}
[MerkavaModule:start] {"file":"/geelooy/apps/code/js/actions/index.js","from":"geelooy/apps/code/js/command-palette/executor.js","resolvedFile":"/geelooy/apps/code/js/actions/index.js","key":"geelooy/apps/code/js/actions/index.js"}
[MerkavaModule:start] {"file":"/geelooy/apps/code/js/actions/index.js","from":"geelooy/apps/code/js/command-palette/executor.js","resolvedFile":"/geelooy/apps/code/js/actions/index.js","key":"geelooy/apps/code/js/actions/index.js"}
[MerkavaModule:start] {"file":"/geelooy/apps/code/js/actions/dispatcher.js","from":"geelooy/apps/code/js/actions/index.js","resolvedFile":"/geelooy/apps/code/js/actions/dispatcher.js","key":"geelooy/apps/code/js/actions/dispatcher.js"}
[MerkavaModule:start] {"file":"/geelooy/apps/code/js/actions/dispatcher.js","from":"geelooy/apps/code/js/actions/index.js","resolvedFile":"/geelooy/apps/code/js/actions/dispatcher.js","key":"geelooy/apps/code/js/actions/dispatcher.js"}
[MerkavaModule:start] {"file":"/geelooy/apps/code/js/actions/registry.js","from":"geelooy/apps/code/js/actions/dispatcher.js","resolvedFile":"/geelooy/apps/code/js/actions/registry.js","key":"geelooy/apps/code/js/actions/registry.js"}
[MerkavaModule:start] {"file":"/geelooy/apps/code/js/actions/registry.js","from":"geelooy/apps/code/js/actions/dispatcher.js","resolvedFile":"/geelooy/apps/code/js/actions/registry.js","key":"geelooy/apps/code/js/actions/registry.js"}
[MerkavaModule:start] {"file":"/geelooy/apps/code/js/actions/categories/file-core.js","from":"geelooy/apps/code/js/actions/registry.js","resolvedFile":"/geelooy/apps/code/js/actions/categories/file-core.js","key":"geelooy/apps/code/js/actions/categories/file-core.js"}
[MerkavaModule:start] {"file":"/geelooy/apps/code/js/actions/categories/file-core.js","from":"geelooy/apps/code/js/actions/registry.js","resolvedFile":"/geelooy/apps/code/js/actions/categories/file-core.js","key":"geelooy/apps/code/js/actions/categories/file-core.js"}
[MerkavaModule:start] {"file":"/geelooy/apps/code/js/actions/files.js","from":"geelooy/apps/code/js/actions/categories/file-core.js","resolvedFile":"/geelooy/apps/code/js/actions/files.js","key":"geelooy/apps/code/js/actions/files.js"}
[MerkavaModule:start] {"file":"/geelooy/apps/code/js/actions/files.js","from":"geelooy/apps/code/js/actions/categories/file-core.js","resolvedFile":"/geelooy/apps/code/js/actions/files.js","key":"geelooy/apps/code/js/actions/files.js"}
[MerkavaModule:start] {"file":"/geelooy/apps/code/js/tabs/index.js","from":"geelooy/apps/code/js/actions/files.js","resolvedFile":"/geelooy/apps/code/js/tabs/index.js","key":"geelooy/apps/code/js/tabs/index.js"}
[MerkavaModule:start] {"file":"/geelooy/apps/code/js/tabs/index.js","from":"geelooy/apps/code/js/actions/files.js","resolvedFile":"/geelooy/apps/code/js/tabs/index.js","key":"geelooy/apps/code/js/tabs/index.js"}
[MerkavaModule:start] {"file":"/geelooy/apps/code/js/tabs/factory.js","from":"geelooy/apps/code/js/tabs/index.js","resolvedFile":"/geelooy/apps/code/js/tabs/factory.js","key":"geelooy/apps/code/js/tabs/factory.js"}
[MerkavaModule:start] {"file":"/geelooy/apps/code/js/tabs/factory.js","from":"geelooy/apps/code/js/tabs/index.js","resolvedFile":"/geelooy/apps/code/js/tabs/factory.js","key":"geelooy/apps/code/js/tabs/factory.js"}
[MerkavaModule:start] {"file":"/geelooy/apps/code/js/tabs/path-ritual.js","from":"geelooy/apps/code/js/tabs/factory.js","resolvedFile":"/geelooy/apps/code/js/tabs/path-ritual.js","key":"geelooy/apps/code/js/tabs/path-ritual.js"}
[MerkavaModule:start] {"file":"/geelooy/apps/code/js/tabs/path-ritual.js","from":"geelooy/apps/code/js/tabs/factory.js","resolvedFile":"/geelooy/apps/code/js/tabs/path-ritual.js","key":"geelooy/apps/code/js/tabs/path-ritual.js"}
[MerkavaModule:start] {"file":"/geelooy/apps/code/js/tabs/identity/TabIdentityManager.js","from":"geelooy/apps/code/js/tabs/path-ritual.js","resolvedFile":"/geelooy/apps/code/js/tabs/identity/TabIdentityManager.js","key":"geelooy/apps/code/js/tabs/identity/TabIdentityManager.js"}
[MerkavaModule:start] {"file":"/geelooy/apps/code/js/tabs/identity/TabIdentityManager.js","from":"geelooy/apps/code/js/tabs/path-ritual.js","resolvedFile":"/geelooy/apps/code/js/tabs/identity/TabIdentityManager.js","key":"geelooy/apps/code/js/tabs/identity/TabIdentityManager.js"}
[MerkavaModule:start] {"file":"/geelooy/apps/code/js/tabs/identity/IntentRecognizer.js","from":"geelooy/apps/code/js/tabs/identity/TabIdentityManager.js","resolvedFile":"/geelooy/apps/code/js/tabs/identity/IntentRecognizer.js","key":"geelooy/apps/code/js/tabs/identity/IntentRecognizer.js"}
[MerkavaModule:start] {"file":"/geelooy/apps/code/js/tabs/identity/IntentRecognizer.js","from":"geelooy/apps/code/js/tabs/identity/TabIdentityManager.js","resolvedFile":"/geelooy/apps/code/js/tabs/identity/IntentRecognizer.js","key":"geelooy/apps/code/js/tabs/identity/IntentRecognizer.js"}
[MerkavaModule:done] {"key":"geelooy/apps/code/js/tabs/identity/IntentRecognizer.js","exports":["IntentRecognizer"]}
[MerkavaModule:start] {"file":"/geelooy/apps/code/js/tabs/identity/PathSanitizer.js","from":"geelooy/apps/code/js/tabs/identity/TabIdentityManager.js","resolvedFile":"/geelooy/apps/code/js/tabs/identity/PathSanitizer.js","key":"geelooy/apps/code/js/tabs/identity/PathSanitizer.js"}
[MerkavaModule:start] {"file":"/geelooy/apps/code/js/tabs/identity/PathSanitizer.js","from":"geelooy/apps/code/js/tabs/identity/TabIdentityManager.js","resolvedFile":"/geelooy/apps/code/js/tabs/identity/PathSanitizer.js","key":"geelooy/apps/code/js/tabs/identity/PathSanitizer.js"}
[MerkavaModule:done] {"key":"geelooy/apps/code/js/tabs/identity/PathSanitizer.js","exports":["PathSanitizer"]}
[MerkavaModule:done] {"key":"geelooy/apps/code/js/tabs/identity/TabIdentityManager.js","exports":["TabIdentityManager"]}
[MerkavaModule:done] {"key":"geelooy/apps/code/js/tabs/path-ritual.js","exports":["TabPathRitual"]}
[MerkavaModule:start] {"file":"/geelooy/apps/code/js/mime-util.js","from":"geelooy/apps/code/js/tabs/factory.js","resolvedFile":"/geelooy/apps/code/js/mime-util.js","key":"geelooy/apps/code/js/mime-util.js"}
[MerkavaModule:start] {"file":"/geelooy/apps/code/js/mime-util.js","from":"geelooy/apps/code/js/tabs/factory.js","resolvedFile":"/geelooy/apps/code/js/mime-util.js","key":"geelooy/apps/code/js/mime-util.js"}
[MerkavaModule:done] {"key":"geelooy/apps/code/js/mime-util.js","exports":["MimeUtil"]}
[MerkavaModule:done] {"key":"geelooy/apps/code/js/tabs/factory.js","exports":["TabFactory"]}
[MerkavaModule:start] {"file":"/geelooy/apps/code/js/tabs/orchestrator.js","from":"geelooy/apps/code/js/tabs/index.js","resolvedFile":"/geelooy/apps/code/js/tabs/orchestrator.js","key":"geelooy/apps/code/js/tabs/orchestrator.js"}
[MerkavaModule:start] {"file":"/geelooy/apps/code/js/tabs/orchestrator.js","from":"geelooy/apps/code/js/tabs/index.js","resolvedFile":"/geelooy/apps/code/js/tabs/orchestrator.js","key":"geelooy/apps/code/js/tabs/orchestrator.js"}
[MerkavaModule:start] {"file":"/geelooy/apps/code/js/tabs/logic/TabActivationOrchestrator.js","from":"geelooy/apps/code/js/tabs/orchestrator.js","resolvedFile":"/geelooy/apps/code/js/tabs/logic/TabActivationOrchestrator.js","key":"geelooy/apps/code/js/tabs/logic/TabActivationOrchestrator.js"}
[MerkavaModule:start] {"file":"/geelooy/apps/code/js/tabs/logic/TabActivationOrchestrator.js","from":"geelooy/apps/code/js/tabs/orchestrator.js","resolvedFile":"/geelooy/apps/code/js/tabs/logic/TabActivationOrchestrator.js","key":"geelooy/apps/code/js/tabs/logic/TabActivationOrchestrator.js"}
[MerkavaModule:start] {"file":"/geelooy/apps/code/js/tabs/sentinel.js","from":"geelooy/apps/code/js/tabs/logic/TabActivationOrchestrator.js","resolvedFile":"/geelooy/apps/code/js/tabs/sentinel.js","key":"geelooy/apps/code/js/tabs/sentinel.js"}
[MerkavaModule:start] {"file":"/geelooy/apps/code/js/tabs/sentinel.js","from":"geelooy/apps/code/js/tabs/logic/TabActivationOrchestrator.js","resolvedFile":"/geelooy/apps/code/js/tabs/sentinel.js","key":"geelooy/apps/code/js/tabs/sentinel.js"}
[MerkavaModule:done] {"key":"geelooy/apps/code/js/tabs/sentinel.js","exports":["TabSentinel"]}
[MerkavaModule:start] {"file":"/geelooy/apps/code/js/tabs/router.js","from":"geelooy/apps/code/js/tabs/logic/TabActivationOrchestrator.js","resolvedFile":"/geelooy/apps/code/js/tabs/router.js","key":"geelooy/apps/code/js/tabs/router.js"}
[MerkavaModule:start] {"file":"/geelooy/apps/code/js/tabs/router.js","from":"geelooy/apps/code/js/tabs/logic/TabActivationOrchestrator.js","resolvedFile":"/geelooy/apps/code/js/tabs/router.js","key":"geelooy/apps/code/js/tabs/router.js"}
[MerkavaModule:done] {"key":"geelooy/apps/code/js/tabs/router.js","exports":["TabRouter"]}
[MerkavaModule:start] {"file":"/geelooy/apps/code/js/tabs/loader.js","from":"geelooy/apps/code/js/tabs/logic/TabActivationOrchestrator.js","resolvedFile":"/geelooy/apps/code/js/tabs/loader.js","key":"geelooy/apps/code/js/tabs/loader.js"}
[MerkavaModule:start] {"file":"/geelooy/apps/code/js/tabs/loader.js","from":"geelooy/apps/code/js/tabs/logic/TabActivationOrchestrator.js","resolvedFile":"/geelooy/apps/code/js/tabs/loader.js","key":"geelooy/apps/code/js/tabs/loader.js"}
[MerkavaModule:start] {"file":"/geelooy/apps/code/js/fs-provider.js","from":"geelooy/apps/code/js/tabs/loader.js","resolvedFile":"/geelooy/apps/code/js/fs-provider.js","key":"geelooy/apps/code/js/fs-provider.js"}
[MerkavaModule:start] {"file":"/geelooy/apps/code/js/fs-provider.js","from":"geelooy/apps/code/js/tabs/loader.js","resolvedFile":"/geelooy/apps/code/js/fs-provider.js","key":"geelooy/apps/code/js/fs-provider.js"}
[MerkavaModule:start] {"file":"/geelooy/apps/code/js/fs-provider/strategies.js","from":"geelooy/apps/code/js/fs-provider.js","resolvedFile":"/geelooy/apps/code/js/fs-provider/strategies.js","key":"geelooy/apps/code/js/fs-provider/strategies.js"}
[MerkavaModule:start] {"file":"/geelooy/apps/code/js/fs-provider/strategies.js","from":"geelooy/apps/code/js/fs-provider.js","resolvedFile":"/geelooy/apps/code/js/fs-provider/strategies.js","key":"geelooy/apps/code/js/fs-provider/strategies.js"}
[MerkavaModule:start] {"file":"/geelooy/apps/code/js/fs/local/index.js","from":"geelooy/apps/code/js/fs-provider/strategies.js","resolvedFile":"/geelooy/apps/code/js/fs/local/index.js","key":"geelooy/apps/code/js/fs/local/index.js"}
[MerkavaModule:start] {"file":"/geelooy/apps/code/js/fs/local/index.js","from":"geelooy/apps/code/js/fs-provider/strategies.js","resolvedFile":"/geelooy/apps/code/js/fs/local/index.js","key":"geelooy/apps/code/js/fs/local/index.js"}
[MerkavaModule:start] {"file":"/geelooy/apps/code/js/fs/local/LocalRoot.js","from":"geelooy/apps/code/js/fs/local/index.js","resolvedFile":"/geelooy/apps/code/js/fs/local/LocalRoot.js","key":"geelooy/apps/code/js/fs/local/LocalRoot.js"}
[MerkavaModule:start] {"file":"/geelooy/apps/code/js/fs/local/LocalRoot.js","from":"geelooy/apps/code/js/fs/local/index.js","resolvedFile":"/geelooy/apps/code/js/fs/local/LocalRoot.js","key":"geelooy/apps/code/js/fs/local/LocalRoot.js"}
[MerkavaModule:start] {"file":"/geelooy/apps/code/js/fs/local/recovery-ritual.js","from":"geelooy/apps/code/js/fs/local/LocalRoot.js","resolvedFile":"/geelooy/apps/code/js/fs/local/recovery-ritual.js","key":"geelooy/apps/code/js/fs/local/recovery-ritual.js"}
[MerkavaModule:start] {"file":"/geelooy/apps/code/js/fs/local/recovery-ritual.js","from":"geelooy/apps/code/js/fs/local/LocalRoot.js","resolvedFile":"/geelooy/apps/code/js/fs/local/recovery-ritual.js","key":"geelooy/apps/code/js/fs/local/recovery-ritual.js"}
[MerkavaModule:start] {"file":"/geelooy/apps/code/js/fs/indexeddb.js","from":"geelooy/apps/code/js/fs/local/recovery-ritual.js","resolvedFile":"/geelooy/apps/code/js/fs/indexeddb.js","key":"geelooy/apps/code/js/fs/indexeddb.js"}
[MerkavaModule:start] {"file":"/geelooy/apps/code/js/fs/indexeddb.js","from":"geelooy/apps/code/js/fs/local/recovery-ritual.js","resolvedFile":"/geelooy/apps/code/js/fs/indexeddb.js","key":"geelooy/apps/code/js/fs/indexeddb.js"}
[MerkavaModule:done] {"key":"geelooy/apps/code/js/fs/indexeddb.js","exports":["IndexedDBProvider"]}
[MerkavaModule:done] {"key":"geelooy/apps/code/js/fs/local/recovery-ritual.js","exports":["RecoveryRitual"]}
[MerkavaModule:done] {"key":"geelooy/apps/code/js/fs/local/LocalRoot.js","exports":["LocalRoot"]}
[MerkavaModule:start] {"file":"/geelooy/apps/code/js/fs/local/LocalReader.js","from":"geelooy/apps/code/js/fs/local/index.js","resolvedFile":"/geelooy/apps/code/js/fs/local/LocalReader.js","key":"geelooy/apps/code/js/fs/local/LocalReader.js"}
[MerkavaModule:start] {"file":"/geelooy/apps/code/js/fs/local/LocalReader.js","from":"geelooy/apps/code/js/fs/local/index.js","resolvedFile":"/geelooy/apps/code/js/fs/local/LocalReader.js","key":"geelooy/apps/code/js/fs/local/LocalReader.js"}
[MerkavaModule:start] {"file":"/geelooy/apps/code/js/fs/local/traversal-engine.js","from":"geelooy/apps/code/js/fs/local/LocalReader.js","resolvedFile":"/geelooy/apps/code/js/fs/local/traversal-engine.js","key":"geelooy/apps/code/js/fs/local/traversal-engine.js"}
[MerkavaModule:start] {"file":"/geelooy/apps/code/js/fs/local/traversal-engine.js","from":"geelooy/apps/code/js/fs/local/LocalReader.js","resolvedFile":"/geelooy/apps/code/js/fs/local/traversal-engine.js","key":"geelooy/apps/code/js/fs/local/traversal-engine.js"}
[MerkavaModule:start] {"file":"/geelooy/apps/code/js/fs/local/handle-cache.js","from":"geelooy/apps/code/js/fs/local/traversal-engine.js","resolvedFile":"/geelooy/apps/code/js/fs/local/handle-cache.js","key":"geelooy/apps/code/js/fs/local/handle-cache.js"}
[MerkavaModule:start] {"file":"/geelooy/apps/code/js/fs/local/handle-cache.js","from":"geelooy/apps/code/js/fs/local/traversal-engine.js","resolvedFile":"/geelooy/apps/code/js/fs/local/handle-cache.js","key":"geelooy/apps/code/js/fs/local/handle-cache.js"}
[MerkavaModule:done] {"key":"geelooy/apps/code/js/fs/local/handle-cache.js","exports":["HandleCache"]}
[MerkavaModule:done] {"key":"geelooy/apps/code/js/fs/local/traversal-engine.js","exports":["TraversalEngine"]}
[MerkavaModule:start] {"file":"/geelooy/apps/code/js/fs/local/guard/MobileGuard.js","from":"geelooy/apps/code/js/fs/local/LocalReader.js","resolvedFile":"/geelooy/apps/code/js/fs/local/guard/MobileGuard.js","key":"geelooy/apps/code/js/fs/local/guard/MobileGuard.js"}
[MerkavaModule:start] {"file":"/geelooy/apps/code/js/fs/local/guard/MobileGuard.js","from":"geelooy/apps/code/js/fs/local/LocalReader.js","resolvedFile":"/geelooy/apps/code/js/fs/local/guard/MobileGuard.js","key":"geelooy/apps/code/js/fs/local/guard/MobileGuard.js"}
[MerkavaModule:start] {"file":"/geelooy/apps/code/js/fs/local/guard/LockedAccessError.js","from":"geelooy/apps/code/js/fs/local/guard/MobileGuard.js","resolvedFile":"/geelooy/apps/code/js/fs/local/guard/LockedAccessError.js","key":"geelooy/apps/code/js/fs/local/guard/LockedAccessError.js"}
[MerkavaModule:start] {"file":"/geelooy/apps/code/js/fs/local/guard/LockedAccessError.js","from":"geelooy/apps/code/js/fs/local/guard/MobileGuard.js","resolvedFile":"/geelooy/apps/code/js/fs/local/guard/LockedAccessError.js","key":"geelooy/apps/code/js/fs/local/guard/LockedAccessError.js"}
[MerkavaModule:done] {"key":"geelooy/apps/code/js/fs/local/guard/LockedAccessError.js","exports":["LockedAccessError"]}
[MerkavaModule:done] {"key":"geelooy/apps/code/js/fs/local/guard/MobileGuard.js","exports":["MobileGuard"]}
[MerkavaModule:done] {"key":"geelooy/apps/code/js/fs/local/LocalReader.js","exports":["LocalReader"]}
[MerkavaModule:start] {"file":"/geelooy/apps/code/js/fs/local/LocalWriter.js","from":"geelooy/apps/code/js/fs/local/index.js","resolvedFile":"/geelooy/apps/code/js/fs/local/LocalWriter.js","key":"geelooy/apps/code/js/fs/local/LocalWriter.js"}
[MerkavaModule:start] {"file":"/geelooy/apps/code/js/fs/local/LocalWriter.js","from":"geelooy/apps/code/js/fs/local/index.js","resolvedFile":"/geelooy/apps/code/js/fs/local/LocalWriter.js","key":"geelooy/apps/code/js/fs/local/LocalWriter.js"}
[MerkavaModule:done] {"key":"geelooy/apps/code/js/fs/local/LocalWriter.js","exports":["LocalWriter"]}
[MerkavaModule:start] {"file":"/geelooy/apps/code/js/fs/local/LocalLister.js","from":"geelooy/apps/code/js/fs/local/index.js","resolvedFile":"/geelooy/apps/code/js/fs/local/LocalLister.js","key":"geelooy/apps/code/js/fs/local/LocalLister.js"}
[MerkavaModule:start] {"file":"/geelooy/apps/code/js/fs/local/LocalLister.js","from":"geelooy/apps/code/js/fs/local/index.js","resolvedFile":"/geelooy/apps/code/js/fs/local/LocalLister.js","key":"geelooy/apps/code/js/fs/local/LocalLister.js"}
[MerkavaModule:done] {"key":"geelooy/apps/code/js/fs/local/LocalLister.js","exports":["LocalLister"]}
[MerkavaModule:start] {"file":"/geelooy/apps/code/js/fs/local/LocalCreator.js","from":"geelooy/apps/code/js/fs/local/index.js","resolvedFile":"/geelooy/apps/code/js/fs/local/LocalCreator.js","key":"geelooy/apps/code/js/fs/local/LocalCreator.js"}
[MerkavaModule:start] {"file":"/geelooy/apps/code/js/fs/local/LocalCreator.js","from":"geelooy/apps/code/js/fs/local/index.js","resolvedFile":"/geelooy/apps/code/js/fs/local/LocalCreator.js","key":"geelooy/apps/code/js/fs/local/LocalCreator.js"}
[MerkavaModule:done] {"key":"geelooy/apps/code/js/fs/local/LocalCreator.js","exports":["LocalCreator"]}
[MerkavaModule:start] {"file":"/geelooy/apps/code/js/fs/local/LocalDeleter.js","from":"geelooy/apps/code/js/fs/local/index.js","resolvedFile":"/geelooy/apps/code/js/fs/local/LocalDeleter.js","key":"geelooy/apps/code/js/fs/local/LocalDeleter.js"}
[MerkavaModule:start] {"file":"/geelooy/apps/code/js/fs/local/LocalDeleter.js","from":"geelooy/apps/code/js/fs/local/index.js","resolvedFile":"/geelooy/apps/code/js/fs/local/LocalDeleter.js","key":"geelooy/apps/code/js/fs/local/LocalDeleter.js"}
[MerkavaModule:done] {"key":"geelooy/apps/code/js/fs/local/LocalDeleter.js","exports":["LocalDeleter"]}
[MerkavaModule:start] {"file":"/geelooy/apps/code/js/fs/local/LocalFastCopier.js","from":"geelooy/apps/code/js/fs/local/index.js","resolvedFile":"/geelooy/apps/code/js/fs/local/LocalFastCopier.js","key":"geelooy/apps/code/js/fs/local/LocalFastCopier.js"}
[MerkavaModule:start] {"file":"/geelooy/apps/code/js/fs/local/LocalFastCopier.js","from":"geelooy/apps/code/js/fs/local/index.js","resolvedFile":"/geelooy/apps/code/js/fs/local/LocalFastCopier.js","key":"geelooy/apps/code/js/fs/local/LocalFastCopier.js"}
[MerkavaModule:done] {"key":"geelooy/apps/code/js/fs/local/LocalFastCopier.js","exports":["LocalFastCopier"]}
[MerkavaModule:done] {"key":"geelooy/apps/code/js/fs/local/index.js","exports":["LocalProvider"]}
[MerkavaModule:start] {"file":"/geelooy/apps/code/js/fs/github.js","from":"geelooy/apps/code/js/fs-provider/strategies.js","resolvedFile":"/geelooy/apps/code/js/fs/github.js","key":"geelooy/apps/code/js/fs/github.js"}
[MerkavaModule:start] {"file":"/geelooy/apps/code/js/fs/github.js","from":"geelooy/apps/code/js/fs-provider/strategies.js","resolvedFile":"/geelooy/apps/code/js/fs/github.js","key":"geelooy/apps/code/js/fs/github.js"}
[MerkavaModule:done] {"key":"geelooy/apps/code/js/fs/github.js","exports":["GitHubProvider"]}
[MerkavaModule:start] {"file":"/geelooy/apps/code/js/fs/ssh.js","from":"geelooy/apps/code/js/fs-provider/strategies.js","resolvedFile":"/geelooy/apps/code/js/fs/ssh.js","key":"geelooy/apps/code/js/fs/ssh.js"}
[MerkavaModule:start] {"file":"/geelooy/apps/code/js/fs/ssh.js","from":"geelooy/apps/code/js/fs-provider/strategies.js","resolvedFile":"/geelooy/apps/code/js/fs/ssh.js","key":"geelooy/apps/code/js/fs/ssh.js"}
[MerkavaModule:done] {"key":"geelooy/apps/code/js/fs/ssh.js","exports":["SSHProvider"]}
[MerkavaModule:start] {"file":"/geelooy/apps/code/js/fs/os-folder.js","from":"geelooy/apps/code/js/fs-provider/strategies.js","resolvedFile":"/geelooy/apps/code/js/fs/os-folder.js","key":"geelooy/apps/code/js/fs/os-folder.js"}
[MerkavaModule:start] {"file":"/geelooy/apps/code/js/fs/os-folder.js","from":"geelooy/apps/code/js/fs-provider/strategies.js","resolvedFile":"/geelooy/apps/code/js/fs/os-folder.js","key":"geelooy/apps/code/js/fs/os-folder.js"}
[MerkavaModule:done] {"key":"geelooy/apps/code/js/fs/os-folder.js","exports":["OSFolderProvider"]}
[MerkavaModule:start] {"file":"/geelooy/apps/code/js/fs/post-message.js","from":"geelooy/apps/code/js/fs-provider/strategies.js","resolvedFile":"/geelooy/apps/code/js/fs/post-message.js","key":"geelooy/apps/code/js/fs/post-message.js"}
[MerkavaModule:start] {"file":"/geelooy/apps/code/js/fs/post-message.js","from":"geelooy/apps/code/js/fs-provider/strategies.js","resolvedFile":"/geelooy/apps/code/js/fs/post-message.js","key":"geelooy/apps/code/js/fs/post-message.js"}
[MerkavaModule:done] {"key":"geelooy/apps/code/js/fs/post-message.js","exports":["PostMessageProvider"]}
[MerkavaModule:start] {"file":"/geelooy/apps/code/js/fs/opfs.js","from":"geelooy/apps/code/js/fs-provider/strategies.js","resolvedFile":"/geelooy/apps/code/js/fs/opfs.js","key":"geelooy/apps/code/js/fs/opfs.js"}
[MerkavaModule:start] {"file":"/geelooy/apps/code/js/fs/opfs.js","from":"geelooy/apps/code/js/fs-provider/strategies.js","resolvedFile":"/geelooy/apps/code/js/fs/opfs.js","key":"geelooy/apps/code/js/fs/opfs.js"}
[MerkavaModule:start] {"file":"/geelooy/apps/code/js/fs/local.js","from":"geelooy/apps/code/js/fs/opfs.js","resolvedFile":"/geelooy/apps/code/js/fs/local.js","key":"geelooy/apps/code/js/fs/local.js"}
[MerkavaModule:start] {"file":"/geelooy/apps/code/js/fs/local.js","from":"geelooy/apps/code/js/fs/opfs.js","resolvedFile":"/geelooy/apps/code/js/fs/local.js","key":"geelooy/apps/code/js/fs/local.js"}
[MerkavaModule:done] {"key":"geelooy/apps/code/js/fs/local.js","exports":["LocalProvider"]}
[MerkavaModule:done] {"key":"geelooy/apps/code/js/fs/opfs.js","exports":["OPFSProvider"]}
[MerkavaModule:start] {"file":"/geelooy/apps/code/js/fs/relay.js","from":"geelooy/apps/code/js/fs-provider/strategies.js","resolvedFile":"/geelooy/apps/code/js/fs/relay.js","key":"geelooy/apps/code/js/fs/relay.js"}
[MerkavaModule:start] {"file":"/geelooy/apps/code/js/fs/relay.js","from":"geelooy/apps/code/js/fs-provider/strategies.js","resolvedFile":"/geelooy/apps/code/js/fs/relay.js","key":"geelooy/apps/code/js/fs/relay.js"}
[MerkavaModule:start] {"file":"/geelooy/apps/code/js/fs/relay/PathHarmonizer.js","from":"geelooy/apps/code/js/fs/relay.js","resolvedFile":"/geelooy/apps/code/js/fs/relay/PathHarmonizer.js","key":"geelooy/apps/code/js/fs/relay/PathHarmonizer.js"}
[MerkavaModule:start] {"file":"/geelooy/apps/code/js/fs/relay/PathHarmonizer.js","from":"geelooy/apps/code/js/fs/relay.js","resolvedFile":"/geelooy/apps/code/js/fs/relay/PathHarmonizer.js","key":"geelooy/apps/code/js/fs/relay/PathHarmonizer.js"}
[MerkavaModule:done] {"key":"geelooy/apps/code/js/fs/relay/PathHarmonizer.js","exports":["PathHarmonizer"]}
[MerkavaModule:start] {"file":"/geelooy/apps/code/js/fs/relay/parent-paths.js","from":"geelooy/apps/code/js/fs/relay.js","resolvedFile":"/geelooy/apps/code/js/fs/relay/parent-paths.js","key":"geelooy/apps/code/js/fs/relay/parent-paths.js"}
[MerkavaModule:start] {"file":"/geelooy/apps/code/js/fs/relay/parent-paths.js","from":"geelooy/apps/code/js/fs/relay.js","resolvedFile":"/geelooy/apps/code/js/fs/relay/parent-paths.js","key":"geelooy/apps/code/js/fs/relay/parent-paths.js"}
[MerkavaModule:done] {"key":"geelooy/apps/code/js/fs/relay/parent-paths.js","exports":["parentPathsFor"]}
[MerkavaModule:done] {"key":"geelooy/apps/code/js/fs/relay.js","exports":["RelayProvider"]}
[MerkavaModule:start] {"file":"/geelooy/apps/code/js/fs/awtsmoos-os.js","from":"geelooy/apps/code/js/fs-provider/strategies.js","resolvedFile":"/geelooy/apps/code/js/fs/awtsmoos-os.js","key":"geelooy/apps/code/js/fs/awtsmoos-os.js"}
[MerkavaModule:start] {"file":"/geelooy/apps/code/js/fs/awtsmoos-os.js","from":"geelooy/apps/code/js/fs-provider/strategies.js","resolvedFile":"/geelooy/apps/code/js/fs/awtsmoos-os.js","key":"geelooy/apps/code/js/fs/awtsmoos-os.js"}
[MerkavaModule:start] {"file":"/geelooy/apps/code/js/session/inline-login.js","from":"geelooy/apps/code/js/fs/awtsmoos-os.js","resolvedFile":"/geelooy/apps/code/js/session/inline-login.js","key":"geelooy/apps/code/js/session/inline-login.js"}
[MerkavaModule:start] {"file":"/geelooy/apps/code/js/session/inline-login.js","from":"geelooy/apps/code/js/fs/awtsmoos-os.js","resolvedFile":"/geelooy/apps/code/js/session/inline-login.js","key":"geelooy/apps/code/js/session/inline-login.js"}
[MerkavaModule:done] {"key":"geelooy/apps/code/js/session/inline-login.js","exports":["InlineLogin"]}
[MerkavaModule:done] {"key":"geelooy/apps/code/js/fs/awtsmoos-os.js","exports":["AwtsmoosOSProvider"]}
[MerkavaModule:start] {"file":"/geelooy/apps/code/js/zip/zip-explorer.js","from":"geelooy/apps/code/js/fs-provider/strategies.js","resolvedFile":"/geelooy/apps/code/js/zip/zip-explorer.js","key":"geelooy/apps/code/js/zip/zip-explorer.js"}
[MerkavaModule:start] {"file":"/geelooy/apps/code/js/zip/zip-explorer.js","from":"geelooy/apps/code/js/fs-provider/strategies.js","resolvedFile":"/geelooy/apps/code/js/zip/zip-explorer.js","key":"geelooy/apps/code/js/zip/zip-explorer.js"}
[MerkavaModule:start] {"file":"/geelooy/apps/code/js/zip/state.js","from":"geelooy/apps/code/js/zip/zip-explorer.js","resolvedFile":"/geelooy/apps/code/js/zip/state.js","key":"geelooy/apps/code/js/zip/state.js"}
[MerkavaModule:start] {"file":"/geelooy/apps/code/js/zip/state.js","from":"geelooy/apps/code/js/zip/zip-explorer.js","resolvedFile":"/geelooy/apps/code/js/zip/state.js","key":"geelooy/apps/code/js/zip/state.js"}
[MerkavaModule:start] {"file":"/geelooy/scripts/awtsmoos/zip/decoder.js","from":"geelooy/apps/code/js/zip/state.js","resolvedFile":"/geelooy/scripts/awtsmoos/zip/decoder.js","key":"geelooy/scripts/awtsmoos/zip/decoder.js"}
[MerkavaModule:start] {"file":"/geelooy/scripts/awtsmoos/zip/decoder.js","from":"geelooy/apps/code/js/zip/state.js","resolvedFile":"/geelooy/scripts/awtsmoos/zip/decoder.js","key":"geelooy/scripts/awtsmoos/zip/decoder.js"}
[MerkavaModule:done] {"key":"geelooy/scripts/awtsmoos/zip/decoder.js","exports":["ZipReader"]}
[MerkavaModule:done] {"key":"geelooy/apps/code/js/zip/state.js","exports":["ZipState"]}
[MerkavaModule:start] {"file":"/geelooy/apps/code/js/zip/render.js","from":"geelooy/apps/code/js/zip/zip-explorer.js","resolvedFile":"/geelooy/apps/code/js/zip/render.js","key":"geelooy/apps/code/js/zip/render.js"}
[MerkavaModule:start] {"file":"/geelooy/apps/code/js/zip/render.js","from":"geelooy/apps/code/js/zip/zip-explorer.js","resolvedFile":"/geelooy/apps/code/js/zip/render.js","key":"geelooy/apps/code/js/zip/render.js"}
[MerkavaModule:start] {"file":"/geelooy/apps/code/js/menus.js","from":"geelooy/apps/code/js/zip/render.js","resolvedFile":"/geelooy/apps/code/js/menus.js","key":"geelooy/apps/code/js/menus.js"}
[MerkavaModule:start] {"file":"/geelooy/apps/code/js/menus.js","from":"geelooy/apps/code/js/zip/render.js","resolvedFile":"/geelooy/apps/code/js/menus.js","key":"geelooy/apps/code/js/menus.js"}
[MerkavaModule:start] {"file":"/geelooy/apps/code/js/menus/index.js","from":"geelooy/apps/code/js/menus.js","resolvedFile":"/geelooy/apps/code/js/menus/index.js","key":"geelooy/apps/code/js/menus/index.js"}
[MerkavaModule:start] {"file":"/geelooy/apps/code/js/menus/index.js","from":"geelooy/apps/code/js/menus.js","resolvedFile":"/geelooy/apps/code/js/menus/index.js","key":"geelooy/apps/code/js/menus/index.js"}
[MerkavaModule:start] {"file":"/geelooy/apps/code/js/menus/ui.js","from":"geelooy/apps/code/js/menus/index.js","resolvedFile":"/geelooy/apps/code/js/menus/ui.js","key":"geelooy/apps/code/js/menus/ui.js"}
[MerkavaModule:start] {"file":"/geelooy/apps/code/js/menus/ui.js","from":"geelooy/apps/code/js/menus/index.js","resolvedFile":"/geelooy/apps/code/js/menus/ui.js","key":"geelooy/apps/code/js/menus/ui.js"}
[MerkavaModule:done] {"key":"geelooy/apps/code/js/menus/ui.js","exports":["MenuUI"]}
[MerkavaModule:start] {"file":"/geelooy/apps/code/js/menus/context.js","from":"geelooy/apps/code/js/menus/index.js","resolvedFile":"/geelooy/apps/code/js/menus/context.js","key":"geelooy/apps/code/js/menus/context.js"}
[MerkavaModule:start] {"file":"/geelooy/apps/code/js/menus/context.js","from":"geelooy/apps/code/js/menus/index.js","resolvedFile":"/geelooy/apps/code/js/menus/context.js","key":"geelooy/apps/code/js/menus/context.js"}
[MerkavaModule:start] {"file":"/geelooy/apps/code/js/menus/context/index.js","from":"geelooy/apps/code/js/menus/context.js","resolvedFile":"/geelooy/apps/code/js/menus/context/index.js","key":"geelooy/apps/code/js/menus/context/index.js"}
[MerkavaModule:start] {"file":"/geelooy/apps/code/js/menus/context/index.js","from":"geelooy/apps/code/js/menus/context.js","resolvedFile":"/geelooy/apps/code/js/menus/context/index.js","key":"geelooy/apps/code/js/menus/context/index.js"}
[MerkavaModule:start] {"file":"/geelooy/apps/code/js/workspaces/index.js","from":"geelooy/apps/code/js/menus/context/index.js","resolvedFile":"/geelooy/apps/code/js/workspaces/index.js","key":"geelooy/apps/code/js/workspaces/index.js"}
[MerkavaModule:start] {"file":"/geelooy/apps/code/js/workspaces/index.js","from":"geelooy/apps/code/js/menus/context/index.js","resolvedFile":"/geelooy/apps/code/js/workspaces/index.js","key":"geelooy/apps/code/js/workspaces/index.js"}
[MerkavaModule:start] {"file":"/geelooy/apps/code/js/workspaces/manager.js","from":"geelooy/apps/code/js/workspaces/index.js","resolvedFile":"/geelooy/apps/code/js/workspaces/manager.js","key":"geelooy/apps/code/js/workspaces/manager.js"}
[MerkavaModule:start] {"file":"/geelooy/apps/code/js/workspaces/manager.js","from":"geelooy/apps/code/js/workspaces/index.js","resolvedFile":"/geelooy/apps/code/js/workspaces/manager.js","key":"geelooy/apps/code/js/workspaces/manager.js"}
[MerkavaModule:start] {"file":"/geelooy/apps/code/js/workspaces/manager/SidebarOrchestrator.js","from":"geelooy/apps/code/js/workspaces/manager.js","resolvedFile":"/geelooy/apps/code/js/workspaces/manager/SidebarOrchestrator.js","key":"geelooy/apps/code/js/workspaces/manager/SidebarOrchestrator.js"}
[MerkavaModule:start] {"file":"/geelooy/apps/code/js/workspaces/manager/SidebarOrchestrator.js","from":"geelooy/apps/code/js/workspaces/manager.js","resolvedFile":"/geelooy/apps/code/js/workspaces/manager/SidebarOrchestrator.js","key":"geelooy/apps/code/js/workspaces/manager/SidebarOrchestrator.js"}
[MerkavaModule:start] {"file":"/geelooy/apps/code/js/workspaces/manager/VisualManifestor.js","from":"geelooy/apps/code/js/workspaces/manager/SidebarOrchestrator.js","resolvedFile":"/geelooy/apps/code/js/workspaces/manager/VisualManifestor.js","key":"geelooy/apps/code/js/workspaces/manager/VisualManifestor.js"}
[MerkavaModule:start] {"file":"/geelooy/apps/code/js/workspaces/manager/VisualManifestor.js","from":"geelooy/apps/code/js/workspaces/manager/SidebarOrchestrator.js","resolvedFile":"/geelooy/apps/code/js/workspaces/manager/VisualManifestor.js","key":"geelooy/apps/code/js/workspaces/manager/VisualManifestor.js"}
[MerkavaModule:start] {"file":"/geelooy/apps/code/js/html-generator.js","from":"geelooy/apps/code/js/workspaces/manager/VisualManifestor.js","resolvedFile":"/geelooy/apps/code/js/html-generator.js","key":"geelooy/apps/code/js/html-generator.js"}
[MerkavaModule:start] {"file":"/geelooy/apps/code/js/html-generator.js","from":"geelooy/apps/code/js/workspaces/manager/VisualManifestor.js","resolvedFile":"/geelooy/apps/code/js/html-generator.js","key":"geelooy/apps/code/js/html-generator.js"}
[MerkavaModule:done] {"key":"geelooy/apps/code/js/html-generator.js","exports":["HTML"]}
[MerkavaModule:done] {"key":"geelooy/apps/code/js/workspaces/manager/VisualManifestor.js","exports":["VisualManifestor"]}
[MerkavaModule:start] {"file":"/geelooy/apps/code/js/workspaces/manager/NodeRegistry.js","from":"geelooy/apps/code/js/workspaces/manager/SidebarOrchestrator.js","resolvedFile":"/geelooy/apps/code/js/workspaces/manager/NodeRegistry.js","key":"geelooy/apps/code/js/workspaces/manager/NodeRegistry.js"}
[MerkavaModule:start] {"file":"/geelooy/apps/code/js/workspaces/manager/NodeRegistry.js","from":"geelooy/apps/code/js/workspaces/manager/SidebarOrchestrator.js","resolvedFile":"/geelooy/apps/code/js/workspaces/manager/NodeRegistry.js","key":"geelooy/apps/code/js/workspaces/manager/NodeRegistry.js"}
[MerkavaModule:start] {"file":"/geelooy/apps/code/js/workspaces/utils.js","from":"geelooy/apps/code/js/workspaces/manager/NodeRegistry.js","resolvedFile":"/geelooy/apps/code/js/workspaces/utils.js","key":"geelooy/apps/code/js/workspaces/utils.js"}
[MerkavaModule:start] {"file":"/geelooy/apps/code/js/workspaces/utils.js","from":"geelooy/apps/code/js/workspaces/manager/NodeRegistry.js","resolvedFile":"/geelooy/apps/code/js/workspaces/utils.js","key":"geelooy/apps/code/js/workspaces/utils.js"}
[MerkavaModule:start] {"file":"/geelooy/apps/code/js/core/identity/UniversalIdentity.js","from":"geelooy/apps/code/js/workspaces/utils.js","resolvedFile":"/geelooy/apps/code/js/core/identity/UniversalIdentity.js","key":"geelooy/apps/code/js/core/identity/UniversalIdentity.js"}
[MerkavaModule:start] {"file":"/geelooy/apps/code/js/core/identity/UniversalIdentity.js","from":"geelooy/apps/code/js/workspaces/utils.js","resolvedFile":"/geelooy/apps/code/js/core/identity/UniversalIdentity.js","key":"geelooy/apps/code/js/core/identity/UniversalIdentity.js"}
[MerkavaModule:done] {"key":"geelooy/apps/code/js/core/identity/UniversalIdentity.js","exports":["UniversalIdentity"]}
[MerkavaModule:done] {"key":"geelooy/apps/code/js/workspaces/utils.js","exports":["getItemUniquePath","WorkspaceUtils"]}
[MerkavaModule:done] {"key":"geelooy/apps/code/js/workspaces/manager/NodeRegistry.js","exports":["NodeRegistry"]}
[MerkavaModule:start] {"file":"/geelooy/apps/code/js/workspaces/tree-rendering.js","from":"geelooy/apps/code/js/workspaces/manager/SidebarOrchestrator.js","resolvedFile":"/geelooy/apps/code/js/workspaces/tree-rendering.js","key":"geelooy/apps/code/js/workspaces/tree-rendering.js"}
[MerkavaModule:start] {"file":"/geelooy/apps/code/js/workspaces/tree-rendering.js","from":"geelooy/apps/code/js/workspaces/manager/SidebarOrchestrator.js","resolvedFile":"/geelooy/apps/code/js/workspaces/tree-rendering.js","key":"geelooy/apps/code/js/workspaces/tree-rendering.js"}
[MerkavaModule:start] {"file":"/geelooy/apps/code/js/workspaces/tree-rendering/TraversalWisdom.js","from":"geelooy/apps/code/js/workspaces/tree-rendering.js","resolvedFile":"/geelooy/apps/code/js/workspaces/tree-rendering/TraversalWisdom.js","key":"geelooy/apps/code/js/workspaces/tree-rendering/TraversalWisdom.js"}
[MerkavaModule:start] {"file":"/geelooy/apps/code/js/workspaces/tree-rendering/TraversalWisdom.js","from":"geelooy/apps/code/js/workspaces/tree-rendering.js","resolvedFile":"/geelooy/apps/code/js/workspaces/tree-rendering/TraversalWisdom.js","key":"geelooy/apps/code/js/workspaces/tree-rendering/TraversalWisdom.js"}
[MerkavaModule:done] {"key":"geelooy/apps/code/js/workspaces/tree-rendering/TraversalWisdom.js","exports":["TraversalWisdom"]}
[MerkavaModule:start] {"file":"/geelooy/apps/code/js/workspaces/tree-rendering/NodeManifestor.js","from":"geelooy/apps/code/js/workspaces/tree-rendering.js","resolvedFile":"/geelooy/apps/code/js/workspaces/tree-rendering/NodeManifestor.js","key":"geelooy/apps/code/js/workspaces/tree-rendering/NodeManifestor.js"}
[MerkavaModule:start] {"file":"/geelooy/apps/code/js/workspaces/tree-rendering/NodeManifestor.js","from":"geelooy/apps/code/js/workspaces/tree-rendering.js","resolvedFile":"/geelooy/apps/code/js/workspaces/tree-rendering/NodeManifestor.js","key":"geelooy/apps/code/js/workspaces/tree-rendering/NodeManifestor.js"}
[MerkavaModule:done] {"key":"geelooy/apps/code/js/workspaces/tree-rendering/NodeManifestor.js","exports":["NodeManifestor"]}
[MerkavaModule:start] {"file":"/geelooy/apps/code/js/workspaces/tree-rendering/InteractionRituals.js","from":"geelooy/apps/code/js/workspaces/tree-rendering.js","resolvedFile":"/geelooy/apps/code/js/workspaces/tree-rendering/InteractionRituals.js","key":"geelooy/apps/code/js/workspaces/tree-rendering/InteractionRituals.js"}
[MerkavaModule:start] {"file":"/geelooy/apps/code/js/workspaces/tree-rendering/InteractionRituals.js","from":"geelooy/apps/code/js/workspaces/tree-rendering.js","resolvedFile":"/geelooy/apps/code/js/workspaces/tree-rendering/InteractionRituals.js","key":"geelooy/apps/code/js/workspaces/tree-rendering/InteractionRituals.js"}
[MerkavaModule:start] {"file":"/geelooy/apps/code/js/selection-manager.js","from":"geelooy/apps/code/js/workspaces/tree-rendering/InteractionRituals.js","resolvedFile":"/geelooy/apps/code/js/selection-manager.js","key":"geelooy/apps/code/js/selection-manager.js"}
[MerkavaModule:start] {"file":"/geelooy/apps/code/js/selection-manager.js","from":"geelooy/apps/code/js/workspaces/tree-rendering/InteractionRituals.js","resolvedFile":"/geelooy/apps/code/js/selection-manager.js","key":"geelooy/apps/code/js/selection-manager.js"}
[MerkavaModule:start] {"file":"/geelooy/apps/code/js/selection/index.js","from":"geelooy/apps/code/js/selection-manager.js","resolvedFile":"/geelooy/apps/code/js/selection/index.js","key":"geelooy/apps/code/js/selection/index.js"}
[MerkavaModule:start] {"file":"/geelooy/apps/code/js/selection/index.js","from":"geelooy/apps/code/js/selection-manager.js","resolvedFile":"/geelooy/apps/code/js/selection/index.js","key":"geelooy/apps/code/js/selection/index.js"}
[MerkavaModule:start] {"file":"/geelooy/apps/code/js/selection/state.js","from":"geelooy/apps/code/js/selection/index.js","resolvedFile":"/geelooy/apps/code/js/selection/state.js","key":"geelooy/apps/code/js/selection/state.js"}
[MerkavaModule:start] {"file":"/geelooy/apps/code/js/selection/state.js","from":"geelooy/apps/code/js/selection/index.js","resolvedFile":"/geelooy/apps/code/js/selection/state.js","key":"geelooy/apps/code/js/selection/state.js"}
[MerkavaModule:done] {"key":"geelooy/apps/code/js/selection/state.js","exports":["SelectionState"]}
[MerkavaModule:start] {"file":"/geelooy/apps/code/js/selection/ui.js","from":"geelooy/apps/code/js/selection/index.js","resolvedFile":"/geelooy/apps/code/js/selection/ui.js","key":"geelooy/apps/code/js/selection/ui.js"}
[MerkavaModule:start] {"file":"/geelooy/apps/code/js/selection/ui.js","from":"geelooy/apps/code/js/selection/index.js","resolvedFile":"/geelooy/apps/code/js/selection/ui.js","key":"geelooy/apps/code/js/selection/ui.js"}
[MerkavaModule:done] {"key":"geelooy/apps/code/js/selection/ui.js","exports":["SelectionUI"]}
[MerkavaModule:start] {"file":"/geelooy/apps/code/js/selection/dom-sync.js","from":"geelooy/apps/code/js/selection/index.js","resolvedFile":"/geelooy/apps/code/js/selection/dom-sync.js","key":"geelooy/apps/code/js/selection/dom-sync.js"}
[MerkavaModule:start] {"file":"/geelooy/apps/code/js/selection/dom-sync.js","from":"geelooy/apps/code/js/selection/index.js","resolvedFile":"/geelooy/apps/code/js/selection/dom-sync.js","key":"geelooy/apps/code/js/selection/dom-sync.js"}
[MerkavaModule:done] {"key":"geelooy/apps/code/js/selection/dom-sync.js","exports":["SelectionDOM"]}
[MerkavaModule:start] {"file":"/geelooy/apps/code/js/selection/actions.js","from":"geelooy/apps/code/js/selection/index.js","resolvedFile":"/geelooy/apps/code/js/selection/actions.js","key":"geelooy/apps/code/js/selection/actions.js"}
[MerkavaModule:start] {"file":"/geelooy/apps/code/js/selection/actions.js","from":"geelooy/apps/code/js/selection/index.js","resolvedFile":"/geelooy/apps/code/js/selection/actions.js","key":"geelooy/apps/code/js/selection/actions.js"}
[MerkavaModule:start] {"file":"/geelooy/apps/code/js/file-operations.js","from":"geelooy/apps/code/js/selection/actions.js","resolvedFile":"/geelooy/apps/code/js/file-operations.js","key":"geelooy/apps/code/js/file-operations.js"}
[MerkavaModule:start] {"file":"/geelooy/apps/code/js/file-operations.js","from":"geelooy/apps/code/js/selection/actions.js","resolvedFile":"/geelooy/apps/code/js/file-operations.js","key":"geelooy/apps/code/js/file-operations.js"}
[MerkavaModule:start] {"file":"/geelooy/apps/code/js/file-ops/drop-handler.js","from":"geelooy/apps/code/js/file-operations.js","resolvedFile":"/geelooy/apps/code/js/file-ops/drop-handler.js","key":"geelooy/apps/code/js/file-ops/drop-handler.js"}
[MerkavaModule:start] {"file":"/geelooy/apps/code/js/file-ops/drop-handler.js","from":"geelooy/apps/code/js/file-operations.js","resolvedFile":"/geelooy/apps/code/js/file-ops/drop-handler.js","key":"geelooy/apps/code/js/file-ops/drop-handler.js"}
[MerkavaModule:start] {"file":"/geelooy/apps/code/js/workspaces.js","from":"geelooy/apps/code/js/file-ops/drop-handler.js","resolvedFile":"/geelooy/apps/code/js/workspaces.js","key":"geelooy/apps/code/js/workspaces.js"}
[MerkavaModule:start] {"file":"/geelooy/apps/code/js/workspaces.js","from":"geelooy/apps/code/js/file-ops/drop-handler.js","resolvedFile":"/geelooy/apps/code/js/workspaces.js","key":"geelooy/apps/code/js/workspaces.js"}
[MerkavaModule:done] {"key":"geelooy/apps/code/js/workspaces.js","exports":[]}
[MerkavaModule:done] {"key":"geelooy/apps/code/js/file-ops/drop-handler.js","exports":["DropHandler"]}
[MerkavaModule:start] {"file":"/geelooy/apps/code/js/file-ops/exporter.js","from":"geelooy/apps/code/js/file-operations.js","resolvedFile":"/geelooy/apps/code/js/file-ops/exporter.js","key":"geelooy/apps/code/js/file-ops/exporter.js"}
[MerkavaModule:start] {"file":"/geelooy/apps/code/js/file-ops/exporter.js","from":"geelooy/apps/code/js/file-operations.js","resolvedFile":"/geelooy/apps/code/js/file-ops/exporter.js","key":"geelooy/apps/code/js/file-ops/exporter.js"}
[MerkavaModule:start] {"file":"/geelooy/apps/code/js/file-ops/zip/ZipDownloader.js","from":"geelooy/apps/code/js/file-ops/exporter.js","resolvedFile":"/geelooy/apps/code/js/file-ops/zip/ZipDownloader.js","key":"geelooy/apps/code/js/file-ops/zip/ZipDownloader.js"}
[MerkavaModule:start] {"file":"/geelooy/apps/code/js/file-ops/zip/ZipDownloader.js","from":"geelooy/apps/code/js/file-ops/exporter.js","resolvedFile":"/geelooy/apps/code/js/file-ops/zip/ZipDownloader.js","key":"geelooy/apps/code/js/file-ops/zip/ZipDownloader.js"}
[MerkavaModule:start] {"file":"/geelooy/apps/code/js/file-ops/zip/ZipBuilder.js","from":"geelooy/apps/code/js/file-ops/zip/ZipDownloader.js","resolvedFile":"/geelooy/apps/code/js/file-ops/zip/ZipBuilder.js","key":"geelooy/apps/code/js/file-ops/zip/ZipBuilder.js"}
[MerkavaModule:start] {"file":"/geelooy/apps/code/js/file-ops/zip/ZipBuilder.js","from":"geelooy/apps/code/js/file-ops/zip/ZipDownloader.js","resolvedFile":"/geelooy/apps/code/js/file-ops/zip/ZipBuilder.js","key":"geelooy/apps/code/js/file-ops/zip/ZipBuilder.js"}
[MerkavaModule:start] {"file":"/geelooy/scripts/awtsmoos/zip/encoder.js","from":"geelooy/apps/code/js/file-ops/zip/ZipBuilder.js","resolvedFile":"/geelooy/scripts/awtsmoos/zip/encoder.js","key":"geelooy/scripts/awtsmoos/zip/encoder.js"}
[MerkavaModule:start] {"file":"/geelooy/scripts/awtsmoos/zip/encoder.js","from":"geelooy/apps/code/js/file-ops/zip/ZipBuilder.js","resolvedFile":"/geelooy/scripts/awtsmoos/zip/encoder.js","key":"geelooy/scripts/awtsmoos/zip/encoder.js"}
[MerkavaModule:done] {"key":"geelooy/scripts/awtsmoos/zip/encoder.js","exports":["ZipFile"]}
[MerkavaModule:start] {"file":"/geelooy/apps/code/js/file-ops/zip/logic/ZipContentPacker.js","from":"geelooy/apps/code/js/file-ops/zip/ZipBuilder.js","resolvedFile":"/geelooy/apps/code/js/file-ops/zip/logic/ZipContentPacker.js","key":"geelooy/apps/code/js/file-ops/zip/logic/ZipContentPacker.js"}
[MerkavaModule:start] {"file":"/geelooy/apps/code/js/file-ops/zip/logic/ZipContentPacker.js","from":"geelooy/apps/code/js/file-ops/zip/ZipBuilder.js","resolvedFile":"/geelooy/apps/code/js/file-ops/zip/logic/ZipContentPacker.js","key":"geelooy/apps/code/js/file-ops/zip/logic/ZipContentPacker.js"}
[MerkavaModule:done] {"key":"geelooy/apps/code/js/file-ops/zip/logic/ZipContentPacker.js","exports":["ZipContentPacker"]}
[MerkavaModule:done] {"key":"geelooy/apps/code/js/file-ops/zip/ZipBuilder.js","exports":["ZipBuilder"]}
[MerkavaModule:start] {"file":"/geelooy/apps/code/js/file-ops/zip/ZipContextGuard.js","from":"geelooy/apps/code/js/file-ops/zip/ZipDownloader.js","resolvedFile":"/geelooy/apps/code/js/file-ops/zip/ZipContextGuard.js","key":"geelooy/apps/code/js/file-ops/zip/ZipContextGuard.js"}
[MerkavaModule:start] {"file":"/geelooy/apps/code/js/file-ops/zip/ZipContextGuard.js","from":"geelooy/apps/code/js/file-ops/zip/ZipDownloader.js","resolvedFile":"/geelooy/apps/code/js/file-ops/zip/ZipContextGuard.js","key":"geelooy/apps/code/js/file-ops/zip/ZipContextGuard.js"}
[MerkavaModule:done] {"key":"geelooy/apps/code/js/file-ops/zip/ZipContextGuard.js","exports":["ZipContextGuard"]}
[MerkavaModule:done] {"key":"geelooy/apps/code/js/file-ops/zip/ZipDownloader.js","exports":["ZipDownloader"]}
[MerkavaModule:done] {"key":"geelooy/apps/code/js/file-ops/exporter.js","exports":["Exporter"]}
[MerkavaModule:start] {"file":"/geelooy/apps/code/js/file-ops/transfer.js","from":"geelooy/apps/code/js/file-operations.js","resolvedFile":"/geelooy/apps/code/js/file-ops/transfer.js","key":"geelooy/apps/code/js/file-ops/transfer.js"}
[MerkavaModule:start] {"file":"/geelooy/apps/code/js/file-ops/transfer.js","from":"geelooy/apps/code/js/file-operations.js","resolvedFile":"/geelooy/apps/code/js/file-ops/transfer.js","key":"geelooy/apps/code/js/file-ops/transfer.js"}
[MerkavaModule:start] {"file":"/geelooy/apps/code/js/file-ops/context-generator.js","from":"geelooy/apps/code/js/file-ops/transfer.js","resolvedFile":"/geelooy/apps/code/js/file-ops/context-generator.js","key":"geelooy/apps/code/js/file-ops/context-generator.js"}
[MerkavaModule:start] {"file":"/geelooy/apps/code/js/file-ops/context-generator.js","from":"geelooy/apps/code/js/file-ops/transfer.js","resolvedFile":"/geelooy/apps/code/js/file-ops/context-generator.js","key":"geelooy/apps/code/js/file-ops/context-generator.js"}
[MerkavaModule:done] {"key":"geelooy/apps/code/js/file-ops/context-generator.js","exports":["ContextGenerator"]}
[MerkavaModule:start] {"file":"/geelooy/apps/code/js/file-ops/transfer/Paster.js","from":"geelooy/apps/code/js/file-ops/transfer.js","resolvedFile":"/geelooy/apps/code/js/file-ops/transfer/Paster.js","key":"geelooy/apps/code/js/file-ops/transfer/Paster.js"}
[MerkavaModule:start] {"file":"/geelooy/apps/code/js/file-ops/transfer/Paster.js","from":"geelooy/apps/code/js/file-ops/transfer.js","resolvedFile":"/geelooy/apps/code/js/file-ops/transfer/Paster.js","key":"geelooy/apps/code/js/file-ops/transfer/Paster.js"}
[MerkavaModule:start] {"file":"/geelooy/apps/code/js/file-ops/transfer/LocalFastCopy.js","from":"geelooy/apps/code/js/file-ops/transfer/Paster.js","resolvedFile":"/geelooy/apps/code/js/file-ops/transfer/LocalFastCopy.js","key":"geelooy/apps/code/js/file-ops/transfer/LocalFastCopy.js"}
[MerkavaModule:start] {"file":"/geelooy/apps/code/js/file-ops/transfer/LocalFastCopy.js","from":"geelooy/apps/code/js/file-ops/transfer/Paster.js","resolvedFile":"/geelooy/apps/code/js/file-ops/transfer/LocalFastCopy.js","key":"geelooy/apps/code/js/file-ops/transfer/LocalFastCopy.js"}
[MerkavaModule:done] {"key":"geelooy/apps/code/js/file-ops/transfer/LocalFastCopy.js","exports":["LocalFastCopy"]}
[MerkavaModule:start] {"file":"/geelooy/apps/code/js/file-ops/transfer/FallbackCopy.js","from":"geelooy/apps/code/js/file-ops/transfer/Paster.js","resolvedFile":"/geelooy/apps/code/js/file-ops/transfer/FallbackCopy.js","key":"geelooy/apps/code/js/file-ops/transfer/FallbackCopy.js"}
[MerkavaModule:start] {"file":"/geelooy/apps/code/js/file-ops/transfer/FallbackCopy.js","from":"geelooy/apps/code/js/file-ops/transfer/Paster.js","resolvedFile":"/geelooy/apps/code/js/file-ops/transfer/FallbackCopy.js","key":"geelooy/apps/code/js/file-ops/transfer/FallbackCopy.js"}
[MerkavaModule:done] {"key":"geelooy/apps/code/js/file-ops/transfer/FallbackCopy.js","exports":["FallbackCopy"]}
[MerkavaModule:done] {"key":"geelooy/apps/code/js/file-ops/transfer/Paster.js","exports":["Paster"]}
[MerkavaModule:done] {"key":"geelooy/apps/code/js/file-ops/transfer.js","exports":["Transfer"]}
[MerkavaModule:done] {"key":"geelooy/apps/code/js/file-operations.js","exports":["FileOperations"]}
[MerkavaModule:done] {"key":"geelooy/apps/code/js/selection/actions.js","exports":["SelectionActions"]}
[MerkavaModule:done] {"key":"geelooy/apps/code/js/selection/index.js","exports":["SelectionManager"]}
[MerkavaModule:done] {"key":"geelooy/apps/code/js/selection-manager.js","exports":["SelectionManager"]}
[MerkavaModule:done] {"key":"geelooy/apps/code/js/workspaces/tree-rendering/InteractionRituals.js","exports":["InteractionRituals"]}
[MerkavaModule:start] {"file":"/geelooy/apps/code/js/workspaces/tree-rendering/FolderTogglery.js","from":"geelooy/apps/code/js/workspaces/tree-rendering.js","resolvedFile":"/geelooy/apps/code/js/workspaces/tree-rendering/FolderTogglery.js","key":"geelooy/apps/code/js/workspaces/tree-rendering/FolderTogglery.js"}
[MerkavaModule:start] {"file":"/geelooy/apps/code/js/workspaces/tree-rendering/FolderTogglery.js","from":"geelooy/apps/code/js/workspaces/tree-rendering.js","resolvedFile":"/geelooy/apps/code/js/workspaces/tree-rendering/FolderTogglery.js","key":"geelooy/apps/code/js/workspaces/tree-rendering/FolderTogglery.js"}
[MerkavaModule:start] {"file":"/geelooy/apps/code/js/app.js","from":"geelooy/apps/code/js/workspaces/tree-rendering/FolderTogglery.js","resolvedFile":"/geelooy/apps/code/js/app.js","key":"geelooy/apps/code/js/app.js"}
[MerkavaModule:start] {"file":"/geelooy/apps/code/js/app.js","from":"geelooy/apps/code/js/workspaces/tree-rendering/FolderTogglery.js","resolvedFile":"/geelooy/apps/code/js/app.js","key":"geelooy/apps/code/js/app.js"}
[MerkavaModule:done] {"key":"geelooy/apps/code/js/app.js","exports":[]}
[MerkavaModule:done] {"key":"geelooy/apps/code/js/workspaces/tree-rendering/FolderTogglery.js","exports":["FolderTogglery"]}
[MerkavaModule:start] {"file":"/geelooy/apps/code/js/workspaces/tree-rendering/ErrorVessel.js","from":"geelooy/apps/code/js/workspaces/tree-rendering.js","resolvedFile":"/geelooy/apps/code/js/workspaces/tree-rendering/ErrorVessel.js","key":"geelooy/apps/code/js/workspaces/tree-rendering/ErrorVessel.js"}
[MerkavaModule:start] {"file":"/geelooy/apps/code/js/workspaces/tree-rendering/ErrorVessel.js","from":"geelooy/apps/code/js/workspaces/tree-rendering.js","resolvedFile":"/geelooy/apps/code/js/workspaces/tree-rendering/ErrorVessel.js","key":"geelooy/apps/code/js/workspaces/tree-rendering/ErrorVessel.js"}
[MerkavaModule:done] {"key":"geelooy/apps/code/js/workspaces/tree-rendering/ErrorVessel.js","exports":["ErrorVessel"]}
[MerkavaModule:done] {"key":"geelooy/apps/code/js/workspaces/tree-rendering.js","exports":["WorkspaceTreeRenderer"]}
[MerkavaModule:done] {"key":"geelooy/apps/code/js/workspaces/manager/SidebarOrchestrator.js","exports":["SidebarOrchestrator"]}
[MerkavaModule:start] {"file":"/geelooy/apps/code/js/workspaces/manager/WorkspaceAdder.js","from":"geelooy/apps/code/js/workspaces/manager.js","resolvedFile":"/geelooy/apps/code/js/workspaces/manager/WorkspaceAdder.js","key":"geelooy/apps/code/js/workspaces/manager/WorkspaceAdder.js"}
[MerkavaModule:start] {"file":"/geelooy/apps/code/js/workspaces/manager/WorkspaceAdder.js","from":"geelooy/apps/code/js/workspaces/manager.js","resolvedFile":"/geelooy/apps/code/js/workspaces/manager/WorkspaceAdder.js","key":"geelooy/apps/code/js/workspaces/manager/WorkspaceAdder.js"}
[MerkavaModule:done] {"key":"geelooy/apps/code/js/workspaces/manager/WorkspaceAdder.js","exports":["WorkspaceAdder"]}
[MerkavaModule:start] {"file":"/geelooy/apps/code/js/workspaces/manager/WorkspaceRemover.js","from":"geelooy/apps/code/js/workspaces/manager.js","resolvedFile":"/geelooy/apps/code/js/workspaces/manager/WorkspaceRemover.js","key":"geelooy/apps/code/js/workspaces/manager/WorkspaceRemover.js"}
[MerkavaModule:start] {"file":"/geelooy/apps/code/js/workspaces/manager/WorkspaceRemover.js","from":"geelooy/apps/code/js/workspaces/manager.js","resolvedFile":"/geelooy/apps/code/js/workspaces/manager/WorkspaceRemover.js","key":"geelooy/apps/code/js/workspaces/manager/WorkspaceRemover.js"}
[MerkavaModule:done] {"key":"geelooy/apps/code/js/workspaces/manager/WorkspaceRemover.js","exports":["WorkspaceRemover"]}
[MerkavaModule:start] {"file":"/geelooy/apps/code/js/workspaces/manager/NodeRefresher.js","from":"geelooy/apps/code/js/workspaces/manager.js","resolvedFile":"/geelooy/apps/code/js/workspaces/manager/NodeRefresher.js","key":"geelooy/apps/code/js/workspaces/manager/NodeRefresher.js"}
[MerkavaModule:start] {"file":"/geelooy/apps/code/js/workspaces/manager/NodeRefresher.js","from":"geelooy/apps/code/js/workspaces/manager.js","resolvedFile":"/geelooy/apps/code/js/workspaces/manager/NodeRefresher.js","key":"geelooy/apps/code/js/workspaces/manager/NodeRefresher.js"}
[MerkavaModule:done] {"key":"geelooy/apps/code/js/workspaces/manager/NodeRefresher.js","exports":["NodeRefresher"]}
[MerkavaModule:done] {"key":"geelooy/apps/code/js/workspaces/manager.js","exports":["WorkspaceManager"]}
[MerkavaModule:start] {"file":"/geelooy/apps/code/js/workspaces/drag-drop.js","from":"geelooy/apps/code/js/workspaces/index.js","resolvedFile":"/geelooy/apps/code/js/workspaces/drag-drop.js","key":"geelooy/apps/code/js/workspaces/drag-drop.js"}
[MerkavaModule:start] {"file":"/geelooy/apps/code/js/workspaces/drag-drop.js","from":"geelooy/apps/code/js/workspaces/index.js","resolvedFile":"/geelooy/apps/code/js/workspaces/drag-drop.js","key":"geelooy/apps/code/js/workspaces/drag-drop.js"}
[MerkavaModule:done] {"key":"geelooy/apps/code/js/workspaces/drag-drop.js","exports":["WorkspaceDragDrop"]}
[MerkavaModule:done] {"key":"geelooy/apps/code/js/workspaces/index.js","exports":["Workspaces","getItemUniquePath"]}
[MerkavaModule:start] {"file":"/geelooy/apps/code/js/menus/context/fs-ritual.js","from":"geelooy/apps/code/js/menus/context/index.js","resolvedFile":"/geelooy/apps/code/js/menus/context/fs-ritual.js","key":"geelooy/apps/code/js/menus/context/fs-ritual.js"}
[MerkavaModule:start] {"file":"/geelooy/apps/code/js/menus/context/fs-ritual.js","from":"geelooy/apps/code/js/menus/context/index.js","resolvedFile":"/geelooy/apps/code/js/menus/context/fs-ritual.js","key":"geelooy/apps/code/js/menus/context/fs-ritual.js"}
[MerkavaModule:done] {"key":"geelooy/apps/code/js/menus/context/fs-ritual.js","exports":["FilesystemRitual"]}
[MerkavaModule:start] {"file":"/geelooy/apps/code/js/menus/context/git-ritual.js","from":"geelooy/apps/code/js/menus/context/index.js","resolvedFile":"/geelooy/apps/code/js/menus/context/git-ritual.js","key":"geelooy/apps/code/js/menus/context/git-ritual.js"}
[MerkavaModule:start] {"file":"/geelooy/apps/code/js/menus/context/git-ritual.js","from":"geelooy/apps/code/js/menus/context/index.js","resolvedFile":"/geelooy/apps/code/js/menus/context/git-ritual.js","key":"geelooy/apps/code/js/menus/context/git-ritual.js"}
[MerkavaModule:start] {"file":"/geelooy/apps/code/js/git/meta.js","from":"geelooy/apps/code/js/menus/context/git-ritual.js","resolvedFile":"/geelooy/apps/code/js/git/meta.js","key":"geelooy/apps/code/js/git/meta.js"}
[MerkavaModule:start] {"file":"/geelooy/apps/code/js/git/meta.js","from":"geelooy/apps/code/js/menus/context/git-ritual.js","resolvedFile":"/geelooy/apps/code/js/git/meta.js","key":"geelooy/apps/code/js/git/meta.js"}
[MerkavaModule:done] {"key":"geelooy/apps/code/js/git/meta.js","exports":["GitMetaProvider"]}
[MerkavaModule:done] {"key":"geelooy/apps/code/js/menus/context/git-ritual.js","exports":["GitRitual"]}
[MerkavaModule:start] {"file":"/geelooy/apps/code/js/menus/context/transfer-ritual.js","from":"geelooy/apps/code/js/menus/context/index.js","resolvedFile":"/geelooy/apps/code/js/menus/context/transfer-ritual.js","key":"geelooy/apps/code/js/menus/context/transfer-ritual.js"}
[MerkavaModule:start] {"file":"/geelooy/apps/code/js/menus/context/transfer-ritual.js","from":"geelooy/apps/code/js/menus/context/index.js","resolvedFile":"/geelooy/apps/code/js/menus/context/transfer-ritual.js","key":"geelooy/apps/code/js/menus/context/transfer-ritual.js"}
[MerkavaModule:done] {"key":"geelooy/apps/code/js/menus/context/transfer-ritual.js","exports":["TransferRitual"]}
[MerkavaModule:done] {"key":"geelooy/apps/code/js/menus/context/index.js","exports":["ContextMenu"]}
[MerkavaModule:done] {"key":"geelooy/apps/code/js/menus/context.js","exports":["ContextMenu"]}
[MerkavaModule:start] {"file":"/geelooy/apps/code/js/menus/main.js","from":"geelooy/apps/code/js/menus/index.js","resolvedFile":"/geelooy/apps/code/js/menus/main.js","key":"geelooy/apps/code/js/menus/main.js"}
[MerkavaModule:start] {"file":"/geelooy/apps/code/js/menus/main.js","from":"geelooy/apps/code/js/menus/index.js","resolvedFile":"/geelooy/apps/code/js/menus/main.js","key":"geelooy/apps/code/js/menus/main.js"}
[MerkavaModule:done] {"key":"geelooy/apps/code/js/menus/main.js","exports":["MainMenu"]}
[MerkavaModule:start] {"file":"/geelooy/apps/code/js/menus/tabs.js","from":"geelooy/apps/code/js/menus/index.js","resolvedFile":"/geelooy/apps/code/js/menus/tabs.js","key":"geelooy/apps/code/js/menus/tabs.js"}
[MerkavaModule:start] {"file":"/geelooy/apps/code/js/menus/tabs.js","from":"geelooy/apps/code/js/menus/index.js","resolvedFile":"/geelooy/apps/code/js/menus/tabs.js","key":"geelooy/apps/code/js/menus/tabs.js"}
[MerkavaModule:done] {"key":"geelooy/apps/code/js/menus/tabs.js","exports":["TabMenus"]}
[MerkavaModule:done] {"key":"geelooy/apps/code/js/menus/index.js","exports":["Menus"]}
[MerkavaModule:done] {"key":"geelooy/apps/code/js/menus.js","exports":["Menus"]}
[MerkavaModule:done] {"key":"geelooy/apps/code/js/zip/render.js","exports":["ZipRenderer"]}
[MerkavaModule:start] {"file":"/geelooy/apps/code/js/zip/ops.js","from":"geelooy/apps/code/js/zip/zip-explorer.js","resolvedFile":"/geelooy/apps/code/js/zip/ops.js","key":"geelooy/apps/code/js/zip/ops.js"}
[MerkavaModule:start] {"file":"/geelooy/apps/code/js/zip/ops.js","from":"geelooy/apps/code/js/zip/zip-explorer.js","resolvedFile":"/geelooy/apps/code/js/zip/ops.js","key":"geelooy/apps/code/js/zip/ops.js"}
[MerkavaModule:start] {"file":"/geelooy/apps/code/js/zip/ops/index.js","from":"geelooy/apps/code/js/zip/ops.js","resolvedFile":"/geelooy/apps/code/js/zip/ops/index.js","key":"geelooy/apps/code/js/zip/ops/index.js"}
[MerkavaModule:start] {"file":"/geelooy/apps/code/js/zip/ops/index.js","from":"geelooy/apps/code/js/zip/ops.js","resolvedFile":"/geelooy/apps/code/js/zip/ops/index.js","key":"geelooy/apps/code/js/zip/ops/index.js"}
[MerkavaModule:start] {"file":"/geelooy/apps/code/js/zip/ops/extract.js","from":"geelooy/apps/code/js/zip/ops/index.js","resolvedFile":"/geelooy/apps/code/js/zip/ops/extract.js","key":"geelooy/apps/code/js/zip/ops/extract.js"}
[MerkavaModule:start] {"file":"/geelooy/apps/code/js/zip/ops/extract.js","from":"geelooy/apps/code/js/zip/ops/index.js","resolvedFile":"/geelooy/apps/code/js/zip/ops/extract.js","key":"geelooy/apps/code/js/zip/ops/extract.js"}
[MerkavaModule:start] {"file":"/geelooy/apps/code/js/zip/ops/utils.js","from":"geelooy/apps/code/js/zip/ops/extract.js","resolvedFile":"/geelooy/apps/code/js/zip/ops/utils.js","key":"geelooy/apps/code/js/zip/ops/utils.js"}
[MerkavaModule:start] {"file":"/geelooy/apps/code/js/zip/ops/utils.js","from":"geelooy/apps/code/js/zip/ops/extract.js","resolvedFile":"/geelooy/apps/code/js/zip/ops/utils.js","key":"geelooy/apps/code/js/zip/ops/utils.js"}
[MerkavaModule:done] {"key":"geelooy/apps/code/js/zip/ops/utils.js","exports":["ZipUtils"]}
[MerkavaModule:done] {"key":"geelooy/apps/code/js/zip/ops/extract.js","exports":["ZipExtract"]}
[MerkavaModule:start] {"file":"/geelooy/apps/code/js/zip/ops/modify.js","from":"geelooy/apps/code/js/zip/ops/index.js","resolvedFile":"/geelooy/apps/code/js/zip/ops/modify.js","key":"geelooy/apps/code/js/zip/ops/modify.js"}
[MerkavaModule:start] {"file":"/geelooy/apps/code/js/zip/ops/modify.js","from":"geelooy/apps/code/js/zip/ops/index.js","resolvedFile":"/geelooy/apps/code/js/zip/ops/modify.js","key":"geelooy/apps/code/js/zip/ops/modify.js"}
[MerkavaModule:done] {"key":"geelooy/apps/code/js/zip/ops/modify.js","exports":["ZipModify"]}
[MerkavaModule:start] {"file":"/geelooy/apps/code/js/zip/ops/save.js","from":"geelooy/apps/code/js/zip/ops/index.js","resolvedFile":"/geelooy/apps/code/js/zip/ops/save.js","key":"geelooy/apps/code/js/zip/ops/save.js"}
[MerkavaModule:start] {"file":"/geelooy/apps/code/js/zip/ops/save.js","from":"geelooy/apps/code/js/zip/ops/index.js","resolvedFile":"/geelooy/apps/code/js/zip/ops/save.js","key":"geelooy/apps/code/js/zip/ops/save.js"}
[MerkavaModule:done] {"key":"geelooy/apps/code/js/zip/ops/save.js","exports":["ZipSave"]}
[MerkavaModule:done] {"key":"geelooy/apps/code/js/zip/ops/index.js","exports":["ZipOps"]}
[MerkavaModule:done] {"key":"geelooy/apps/code/js/zip/ops.js","exports":["ZipOps"]}
[MerkavaModule:done] {"key":"geelooy/apps/code/js/zip/zip-explorer.js","exports":["ZipExplorer"]}
[MerkavaModule:start] {"file":"/geelooy/apps/code/js/fs-provider/vibe-manager-strategy.js","from":"geelooy/apps/code/js/fs-provider/strategies.js","resolvedFile":"/geelooy/apps/code/js/fs-provider/vibe-manager-strategy.js","key":"geelooy/apps/code/js/fs-provider/vibe-manager-strategy.js"}
[MerkavaModule:start] {"file":"/geelooy/apps/code/js/fs-provider/vibe-manager-strategy.js","from":"geelooy/apps/code/js/fs-provider/strategies.js","resolvedFile":"/geelooy/apps/code/js/fs-provider/vibe-manager-strategy.js","key":"geelooy/apps/code/js/fs-provider/vibe-manager-strategy.js"}
[MerkavaModule:done] {"key":"geelooy/apps/code/js/fs-provider/vibe-manager-strategy.js","exports":["VibeManagerStrategy"]}
[MerkavaModule:done] {"key":"geelooy/apps/code/js/fs-provider/strategies.js","exports":["ProviderStrategies"]}
[MerkavaModule:start] {"file":"/geelooy/apps/code/js/fs-provider/identity.js","from":"geelooy/apps/code/js/fs-provider.js","resolvedFile":"/geelooy/apps/code/js/fs-provider/identity.js","key":"geelooy/apps/code/js/fs-provider/identity.js"}
[MerkavaModule:start] {"file":"/geelooy/apps/code/js/fs-provider/identity.js","from":"geelooy/apps/code/js/fs-provider.js","resolvedFile":"/geelooy/apps/code/js/fs-provider/identity.js","key":"geelooy/apps/code/js/fs-provider/identity.js"}
[MerkavaModule:done] {"key":"geelooy/apps/code/js/fs-provider/identity.js","exports":["KNOWN_WORLD_TYPES","describeItemForError","normalizeWorldType","getWorldType","assertKnownWorldType","withWorldIdentity","inheritWorldIdentity","isGitHubWorld"]}
[MerkavaModule:done] {"key":"geelooy/apps/code/js/fs-provider.js","exports":["FileSystemProvider"]}
[MerkavaModule:start] {"file":"/geelooy/apps/code/js/editor/preview-manager.js","from":"geelooy/apps/code/js/tabs/loader.js","resolvedFile":"/geelooy/apps/code/js/editor/preview-manager.js","key":"geelooy/apps/code/js/editor/preview-manager.js"}
[MerkavaModule:start] {"file":"/geelooy/apps/code/js/editor/preview-manager.js","from":"geelooy/apps/code/js/tabs/loader.js","resolvedFile":"/geelooy/apps/code/js/editor/preview-manager.js","key":"geelooy/apps/code/js/editor/preview-manager.js"}
[MerkavaModule:start] {"file":"/geelooy/apps/code/js/html-preview/processor.js","from":"geelooy/apps/code/js/editor/preview-manager.js","resolvedFile":"/geelooy/apps/code/js/html-preview/processor.js","key":"geelooy/apps/code/js/html-preview/processor.js"}
[MerkavaModule:start] {"file":"/geelooy/apps/code/js/html-preview/processor.js","from":"geelooy/apps/code/js/editor/preview-manager.js","resolvedFile":"/geelooy/apps/code/js/html-preview/processor.js","key":"geelooy/apps/code/js/html-preview/processor.js"}
[MerkavaModule:start] {"file":"/geelooy/apps/code/js/html-preview/bundler.js","from":"geelooy/apps/code/js/html-preview/processor.js","resolvedFile":"/geelooy/apps/code/js/html-preview/bundler.js","key":"geelooy/apps/code/js/html-preview/bundler.js"}
[MerkavaModule:start] {"file":"/geelooy/apps/code/js/html-preview/bundler.js","from":"geelooy/apps/code/js/html-preview/processor.js","resolvedFile":"/geelooy/apps/code/js/html-preview/bundler.js","key":"geelooy/apps/code/js/html-preview/bundler.js"}
[MerkavaModule:start] {"file":"/geelooy/apps/code/js/html-preview/bundler/VesselAcquisition.js","from":"geelooy/apps/code/js/html-preview/bundler.js","resolvedFile":"/geelooy/apps/code/js/html-preview/bundler/VesselAcquisition.js","key":"geelooy/apps/code/js/html-preview/bundler/VesselAcquisition.js"}
[MerkavaModule:start] {"file":"/geelooy/apps/code/js/html-preview/bundler/VesselAcquisition.js","from":"geelooy/apps/code/js/html-preview/bundler.js","resolvedFile":"/geelooy/apps/code/js/html-preview/bundler/VesselAcquisition.js","key":"geelooy/apps/code/js/html-preview/bundler/VesselAcquisition.js"}
[MerkavaModule:done] {"key":"geelooy/apps/code/js/html-preview/bundler/VesselAcquisition.js","exports":["VesselAcquisition"]}
[MerkavaModule:start] {"file":"/geelooy/apps/code/js/html-preview/bundler/BlobForge.js","from":"geelooy/apps/code/js/html-preview/bundler.js","resolvedFile":"/geelooy/apps/code/js/html-preview/bundler/BlobForge.js","key":"geelooy/apps/code/js/html-preview/bundler/BlobForge.js"}
[MerkavaModule:start] {"file":"/geelooy/apps/code/js/html-preview/bundler/BlobForge.js","from":"geelooy/apps/code/js/html-preview/bundler.js","resolvedFile":"/geelooy/apps/code/js/html-preview/bundler/BlobForge.js","key":"geelooy/apps/code/js/html-preview/bundler/BlobForge.js"}
[MerkavaModule:done] {"key":"geelooy/apps/code/js/html-preview/bundler/BlobForge.js","exports":["BlobForge"]}
[MerkavaModule:start] {"file":"/geelooy/apps/code/js/html-preview/transformer.js","from":"geelooy/apps/code/js/html-preview/bundler.js","resolvedFile":"/geelooy/apps/code/js/html-preview/transformer.js","key":"geelooy/apps/code/js/html-preview/transformer.js"}
[MerkavaModule:start] {"file":"/geelooy/apps/code/js/html-preview/transformer.js","from":"geelooy/apps/code/js/html-preview/bundler.js","resolvedFile":"/geelooy/apps/code/js/html-preview/transformer.js","key":"geelooy/apps/code/js/html-preview/transformer.js"}
[MerkavaModule:start] {"file":"/geelooy/apps/code/js/tools/import-scanner.js","from":"geelooy/apps/code/js/html-preview/transformer.js","resolvedFile":"/geelooy/apps/code/js/tools/import-scanner.js","key":"geelooy/apps/code/js/tools/import-scanner.js"}
[MerkavaModule:start] {"file":"/geelooy/apps/code/js/tools/import-scanner.js","from":"geelooy/apps/code/js/html-preview/transformer.js","resolvedFile":"/geelooy/apps/code/js/tools/import-scanner.js","key":"geelooy/apps/code/js/tools/import-scanner.js"}
[MerkavaModule:start] {"file":"/geelooy/apps/code/js/tools/ast-walker.js","from":"geelooy/apps/code/js/tools/import-scanner.js","resolvedFile":"/geelooy/apps/code/js/tools/ast-walker.js","key":"geelooy/apps/code/js/tools/ast-walker.js"}
[MerkavaModule:start] {"file":"/geelooy/apps/code/js/tools/ast-walker.js","from":"geelooy/apps/code/js/tools/import-scanner.js","resolvedFile":"/geelooy/apps/code/js/tools/ast-walker.js","key":"geelooy/apps/code/js/tools/ast-walker.js"}
[MerkavaModule:done] {"key":"geelooy/apps/code/js/tools/ast-walker.js","exports":["ASTWalker"]}
[MerkavaModule:start] {"file":"/geelooy/apps/code/js/tools/regex-net.js","from":"geelooy/apps/code/js/tools/import-scanner.js","resolvedFile":"/geelooy/apps/code/js/tools/regex-net.js","key":"geelooy/apps/code/js/tools/regex-net.js"}
[MerkavaModule:start] {"file":"/geelooy/apps/code/js/tools/regex-net.js","from":"geelooy/apps/code/js/tools/import-scanner.js","resolvedFile":"/geelooy/apps/code/js/tools/regex-net.js","key":"geelooy/apps/code/js/tools/regex-net.js"}
[MerkavaModule:done] {"key":"geelooy/apps/code/js/tools/regex-net.js","exports":["RegexNet"]}
[MerkavaModule:done] {"key":"geelooy/apps/code/js/tools/import-scanner.js","exports":["ImportScanner"]}
[MerkavaModule:start] {"file":"/geelooy/apps/code/js/html-preview/string-replacer.js","from":"geelooy/apps/code/js/html-preview/transformer.js","resolvedFile":"/geelooy/apps/code/js/html-preview/string-replacer.js","key":"geelooy/apps/code/js/html-preview/string-replacer.js"}
[MerkavaModule:start] {"file":"/geelooy/apps/code/js/html-preview/string-replacer.js","from":"geelooy/apps/code/js/html-preview/transformer.js","resolvedFile":"/geelooy/apps/code/js/html-preview/string-replacer.js","key":"geelooy/apps/code/js/html-preview/string-replacer.js"}
[MerkavaModule:done] {"key":"geelooy/apps/code/js/html-preview/string-replacer.js","exports":["StringReplacer"]}
[MerkavaModule:done] {"key":"geelooy/apps/code/js/html-preview/transformer.js","exports":["PreviewTransformer"]}
[MerkavaModule:start] {"file":"/geelooy/apps/code/js/html-preview/resolver.js","from":"geelooy/apps/code/js/html-preview/bundler.js","resolvedFile":"/geelooy/apps/code/js/html-preview/resolver.js","key":"geelooy/apps/code/js/html-preview/resolver.js"}
[MerkavaModule:start] {"file":"/geelooy/apps/code/js/html-preview/resolver.js","from":"geelooy/apps/code/js/html-preview/bundler.js","resolvedFile":"/geelooy/apps/code/js/html-preview/resolver.js","key":"geelooy/apps/code/js/html-preview/resolver.js"}
[MerkavaModule:done] {"key":"geelooy/apps/code/js/html-preview/resolver.js","exports":["PathResolver"]}
[MerkavaModule:start] {"file":"/geelooy/apps/code/js/html-preview/cycle-shield.js","from":"geelooy/apps/code/js/html-preview/bundler.js","resolvedFile":"/geelooy/apps/code/js/html-preview/cycle-shield.js","key":"geelooy/apps/code/js/html-preview/cycle-shield.js"}
[MerkavaModule:start] {"file":"/geelooy/apps/code/js/html-preview/cycle-shield.js","from":"geelooy/apps/code/js/html-preview/bundler.js","resolvedFile":"/geelooy/apps/code/js/html-preview/cycle-shield.js","key":"geelooy/apps/code/js/html-preview/cycle-shield.js"}
[MerkavaModule:done] {"key":"geelooy/apps/code/js/html-preview/cycle-shield.js","exports":["CycleShield"]}
[MerkavaModule:done] {"key":"geelooy/apps/code/js/html-preview/bundler.js","exports":["VirtualBundler","default"]}
[MerkavaModule:start] {"file":"/geelooy/apps/code/js/html-preview/asset-processor.js","from":"geelooy/apps/code/js/html-preview/processor.js","resolvedFile":"/geelooy/apps/code/js/html-preview/asset-processor.js","key":"geelooy/apps/code/js/html-preview/asset-processor.js"}
[MerkavaModule:start] {"file":"/geelooy/apps/code/js/html-preview/asset-processor.js","from":"geelooy/apps/code/js/html-preview/processor.js","resolvedFile":"/geelooy/apps/code/js/html-preview/asset-processor.js","key":"geelooy/apps/code/js/html-preview/asset-processor.js"}
[MerkavaModule:done] {"key":"geelooy/apps/code/js/html-preview/asset-processor.js","exports":["AssetProcessor"]}
[MerkavaModule:start] {"file":"/geelooy/apps/code/js/html-preview/script-extractor.js","from":"geelooy/apps/code/js/html-preview/processor.js","resolvedFile":"/geelooy/apps/code/js/html-preview/script-extractor.js","key":"geelooy/apps/code/js/html-preview/script-extractor.js"}
[MerkavaModule:start] {"file":"/geelooy/apps/code/js/html-preview/script-extractor.js","from":"geelooy/apps/code/js/html-preview/processor.js","resolvedFile":"/geelooy/apps/code/js/html-preview/script-extractor.js","key":"geelooy/apps/code/js/html-preview/script-extractor.js"}
[MerkavaModule:done] {"key":"geelooy/apps/code/js/html-preview/script-extractor.js","exports":["ScriptExtractor"]}
[MerkavaModule:start] {"file":"/geelooy/apps/code/js/html-preview/iframe-injector.js","from":"geelooy/apps/code/js/html-preview/processor.js","resolvedFile":"/geelooy/apps/code/js/html-preview/iframe-injector.js","key":"geelooy/apps/code/js/html-preview/iframe-injector.js"}
[MerkavaModule:start] {"file":"/geelooy/apps/code/js/html-preview/iframe-injector.js","from":"geelooy/apps/code/js/html-preview/processor.js","resolvedFile":"/geelooy/apps/code/js/html-preview/iframe-injector.js","key":"geelooy/apps/code/js/html-preview/iframe-injector.js"}
[MerkavaModule:start] {"file":"/geelooy/apps/code/js/html-preview/injections/index.js","from":"geelooy/apps/code/js/html-preview/iframe-injector.js","resolvedFile":"/geelooy/apps/code/js/html-preview/injections/index.js","key":"geelooy/apps/code/js/html-preview/injections/index.js"}
[MerkavaModule:start] {"file":"/geelooy/apps/code/js/html-preview/injections/index.js","from":"geelooy/apps/code/js/html-preview/iframe-injector.js","resolvedFile":"/geelooy/apps/code/js/html-preview/injections/index.js","key":"geelooy/apps/code/js/html-preview/injections/index.js"}
[MerkavaModule:done] {"key":"geelooy/apps/code/js/html-preview/injections/index.js","exports":["InjectionAssembler"]}
[MerkavaModule:start] {"file":"/geelooy/apps/code/js/html-preview/control/source.js","from":"geelooy/apps/code/js/html-preview/iframe-injector.js","resolvedFile":"/geelooy/apps/code/js/html-preview/control/source.js","key":"geelooy/apps/code/js/html-preview/control/source.js"}
[MerkavaModule:start] {"file":"/geelooy/apps/code/js/html-preview/control/source.js","from":"geelooy/apps/code/js/html-preview/iframe-injector.js","resolvedFile":"/geelooy/apps/code/js/html-preview/control/source.js","key":"geelooy/apps/code/js/html-preview/control/source.js"}
[MerkavaModule:done] {"key":"geelooy/apps/code/js/html-preview/control/source.js","exports":["getPreviewControlScript"]}
[MerkavaModule:done] {"key":"geelooy/apps/code/js/html-preview/iframe-injector.js","exports":["IframeInjector"]}
[MerkavaModule:start] {"file":"/geelooy/apps/code/js/devtools/bridge.js","from":"geelooy/apps/code/js/html-preview/processor.js","resolvedFile":"/geelooy/apps/code/js/devtools/bridge.js","key":"geelooy/apps/code/js/devtools/bridge.js"}
[MerkavaModule:start] {"file":"/geelooy/apps/code/js/devtools/bridge.js","from":"geelooy/apps/code/js/html-preview/processor.js","resolvedFile":"/geelooy/apps/code/js/devtools/bridge.js","key":"geelooy/apps/code/js/devtools/bridge.js"}
[MerkavaModule:start] {"file":"/geelooy/apps/code/js/devtools/bridge/StateAccessor.js","from":"geelooy/apps/code/js/devtools/bridge.js","resolvedFile":"/geelooy/apps/code/js/devtools/bridge/StateAccessor.js","key":"geelooy/apps/code/js/devtools/bridge/StateAccessor.js"}
[MerkavaModule:start] {"file":"/geelooy/apps/code/js/devtools/bridge/StateAccessor.js","from":"geelooy/apps/code/js/devtools/bridge.js","resolvedFile":"/geelooy/apps/code/js/devtools/bridge/StateAccessor.js","key":"geelooy/apps/code/js/devtools/bridge/StateAccessor.js"}
[MerkavaModule:start] {"file":"/geelooy/apps/code/js/devtools/bridge/StateRegistry.js","from":"geelooy/apps/code/js/devtools/bridge/StateAccessor.js","resolvedFile":"/geelooy/apps/code/js/devtools/bridge/StateRegistry.js","key":"geelooy/apps/code/js/devtools/bridge/StateRegistry.js"}
[MerkavaModule:start] {"file":"/geelooy/apps/code/js/devtools/bridge/StateRegistry.js","from":"geelooy/apps/code/js/devtools/bridge/StateAccessor.js","resolvedFile":"/geelooy/apps/code/js/devtools/bridge/StateRegistry.js","key":"geelooy/apps/code/js/devtools/bridge/StateRegistry.js"}
[MerkavaModule:done] {"key":"geelooy/apps/code/js/devtools/bridge/StateRegistry.js","exports":["StateRegistry"]}
[MerkavaModule:done] {"key":"geelooy/apps/code/js/devtools/bridge/StateAccessor.js","exports":["StateAccessor"]}
[MerkavaModule:start] {"file":"/geelooy/apps/code/js/devtools/bridge/Dispatcher.js","from":"geelooy/apps/code/js/devtools/bridge.js","resolvedFile":"/geelooy/apps/code/js/devtools/bridge/Dispatcher.js","key":"geelooy/apps/code/js/devtools/bridge/Dispatcher.js"}
[MerkavaModule:start] {"file":"/geelooy/apps/code/js/devtools/bridge/Dispatcher.js","from":"geelooy/apps/code/js/devtools/bridge.js","resolvedFile":"/geelooy/apps/code/js/devtools/bridge/Dispatcher.js","key":"geelooy/apps/code/js/devtools/bridge/Dispatcher.js"}
[MerkavaModule:start] {"file":"/geelooy/apps/code/js/devtools/bridge/ReplEngine.js","from":"geelooy/apps/code/js/devtools/bridge/Dispatcher.js","resolvedFile":"/geelooy/apps/code/js/devtools/bridge/ReplEngine.js","key":"geelooy/apps/code/js/devtools/bridge/ReplEngine.js"}
[MerkavaModule:start] {"file":"/geelooy/apps/code/js/devtools/bridge/ReplEngine.js","from":"geelooy/apps/code/js/devtools/bridge/Dispatcher.js","resolvedFile":"/geelooy/apps/code/js/devtools/bridge/ReplEngine.js","key":"geelooy/apps/code/js/devtools/bridge/ReplEngine.js"}
[MerkavaModule:done] {"key":"geelooy/apps/code/js/devtools/bridge/ReplEngine.js","exports":["ReplEngine"]}
[MerkavaModule:done] {"key":"geelooy/apps/code/js/devtools/bridge/Dispatcher.js","exports":["BridgeDispatcher"]}
[MerkavaModule:start] {"file":"/geelooy/apps/code/js/devtools/bridge/Communicator.js","from":"geelooy/apps/code/js/devtools/bridge.js","resolvedFile":"/geelooy/apps/code/js/devtools/bridge/Communicator.js","key":"geelooy/apps/code/js/devtools/bridge/Communicator.js"}
[MerkavaModule:start] {"file":"/geelooy/apps/code/js/devtools/bridge/Communicator.js","from":"geelooy/apps/code/js/devtools/bridge.js","resolvedFile":"/geelooy/apps/code/js/devtools/bridge/Communicator.js","key":"geelooy/apps/code/js/devtools/bridge/Communicator.js"}
[MerkavaModule:done] {"key":"geelooy/apps/code/js/devtools/bridge/Communicator.js","exports":["BridgeCommunicator"]}
[MerkavaModule:done] {"key":"geelooy/apps/code/js/devtools/bridge.js","exports":["DevToolsBridge"]}
[MerkavaModule:done] {"key":"geelooy/apps/code/js/html-preview/processor.js","exports":["HTMLPreviewProcessor"]}
[MerkavaModule:done] {"key":"geelooy/apps/code/js/editor/preview-manager.js","exports":["PreviewManager"]}
[MerkavaModule:done] {"key":"geelooy/apps/code/js/tabs/loader.js","exports":["TabsLoader"]}
[MerkavaModule:start] {"file":"/geelooy/apps/code/js/tabs/dom/TabFocusEnforcer.js","from":"geelooy/apps/code/js/tabs/logic/TabActivationOrchestrator.js","resolvedFile":"/geelooy/apps/code/js/tabs/dom/TabFocusEnforcer.js","key":"geelooy/apps/code/js/tabs/dom/TabFocusEnforcer.js"}
[MerkavaModule:start] {"file":"/geelooy/apps/code/js/tabs/dom/TabFocusEnforcer.js","from":"geelooy/apps/code/js/tabs/logic/TabActivationOrchestrator.js","resolvedFile":"/geelooy/apps/code/js/tabs/dom/TabFocusEnforcer.js","key":"geelooy/apps/code/js/tabs/dom/TabFocusEnforcer.js"}
[MerkavaModule:start] {"file":"/geelooy/apps/code/js/tabs/dom/highlight/TabShieldPurger.js","from":"geelooy/apps/code/js/tabs/dom/TabFocusEnforcer.js","resolvedFile":"/geelooy/apps/code/js/tabs/dom/highlight/TabShieldPurger.js","key":"geelooy/apps/code/js/tabs/dom/highlight/TabShieldPurger.js"}
[MerkavaModule:start] {"file":"/geelooy/apps/code/js/tabs/dom/highlight/TabShieldPurger.js","from":"geelooy/apps/code/js/tabs/dom/TabFocusEnforcer.js","resolvedFile":"/geelooy/apps/code/js/tabs/dom/highlight/TabShieldPurger.js","key":"geelooy/apps/code/js/tabs/dom/highlight/TabShieldPurger.js"}
[MerkavaModule:done] {"key":"geelooy/apps/code/js/tabs/dom/highlight/TabShieldPurger.js","exports":["TabShieldPurger"]}
[MerkavaModule:start] {"file":"/geelooy/apps/code/js/tabs/dom/highlight/TabIlluminator.js","from":"geelooy/apps/code/js/tabs/dom/TabFocusEnforcer.js","resolvedFile":"/geelooy/apps/code/js/tabs/dom/highlight/TabIlluminator.js","key":"geelooy/apps/code/js/tabs/dom/highlight/TabIlluminator.js"}
[MerkavaModule:start] {"file":"/geelooy/apps/code/js/tabs/dom/highlight/TabIlluminator.js","from":"geelooy/apps/code/js/tabs/dom/TabFocusEnforcer.js","resolvedFile":"/geelooy/apps/code/js/tabs/dom/highlight/TabIlluminator.js","key":"geelooy/apps/code/js/tabs/dom/highlight/TabIlluminator.js"}
[MerkavaModule:done] {"key":"geelooy/apps/code/js/tabs/dom/highlight/TabIlluminator.js","exports":["TabIlluminator"]}
[MerkavaModule:done] {"key":"geelooy/apps/code/js/tabs/dom/TabFocusEnforcer.js","exports":["TabFocusEnforcer"]}
[MerkavaModule:start] {"file":"/geelooy/apps/code/js/core/validation/RealitySentinel.js","from":"geelooy/apps/code/js/tabs/logic/TabActivationOrchestrator.js","resolvedFile":"/geelooy/apps/code/js/core/validation/RealitySentinel.js","key":"geelooy/apps/code/js/core/validation/RealitySentinel.js"}
[MerkavaModule:start] {"file":"/geelooy/apps/code/js/core/validation/RealitySentinel.js","from":"geelooy/apps/code/js/tabs/logic/TabActivationOrchestrator.js","resolvedFile":"/geelooy/apps/code/js/core/validation/RealitySentinel.js","key":"geelooy/apps/code/js/core/validation/RealitySentinel.js"}
[MerkavaModule:done] {"key":"geelooy/apps/code/js/core/validation/RealitySentinel.js","exports":["RealitySentinel"]}
[MerkavaModule:start] {"file":"/geelooy/apps/code/js/tabs/logic/registry/IntentDiscriminator.js","from":"geelooy/apps/code/js/tabs/logic/TabActivationOrchestrator.js","resolvedFile":"/geelooy/apps/code/js/tabs/logic/registry/IntentDiscriminator.js","key":"geelooy/apps/code/js/tabs/logic/registry/IntentDiscriminator.js"}
[MerkavaModule:start] {"file":"/geelooy/apps/code/js/tabs/logic/registry/IntentDiscriminator.js","from":"geelooy/apps/code/js/tabs/logic/TabActivationOrchestrator.js","resolvedFile":"/geelooy/apps/code/js/tabs/logic/registry/IntentDiscriminator.js","key":"geelooy/apps/code/js/tabs/logic/registry/IntentDiscriminator.js"}
[MerkavaModule:done] {"key":"geelooy/apps/code/js/tabs/logic/registry/IntentDiscriminator.js","exports":["IntentDiscriminator"]}
[MerkavaModule:done] {"key":"geelooy/apps/code/js/tabs/logic/TabActivationOrchestrator.js","exports":["TabActivationOrchestrator"]}
[MerkavaModule:start] {"file":"/geelooy/apps/code/js/tabs/dom/VisualFocusEnforcer.js","from":"geelooy/apps/code/js/tabs/orchestrator.js","resolvedFile":"/geelooy/apps/code/js/tabs/dom/VisualFocusEnforcer.js","key":"geelooy/apps/code/js/tabs/dom/VisualFocusEnforcer.js"}
[MerkavaModule:start] {"file":"/geelooy/apps/code/js/tabs/dom/VisualFocusEnforcer.js","from":"geelooy/apps/code/js/tabs/orchestrator.js","resolvedFile":"/geelooy/apps/code/js/tabs/dom/VisualFocusEnforcer.js","key":"geelooy/apps/code/js/tabs/dom/VisualFocusEnforcer.js"}
[MerkavaModule:done] {"key":"geelooy/apps/code/js/tabs/dom/VisualFocusEnforcer.js","exports":["VisualFocusEnforcer"]}
[MerkavaModule:done] {"key":"geelooy/apps/code/js/tabs/orchestrator.js","exports":["TabOrchestrator"]}
[MerkavaModule:start] {"file":"/geelooy/apps/code/js/tabs/rendering.js","from":"geelooy/apps/code/js/tabs/index.js","resolvedFile":"/geelooy/apps/code/js/tabs/rendering.js","key":"geelooy/apps/code/js/tabs/rendering.js"}
[MerkavaModule:start] {"file":"/geelooy/apps/code/js/tabs/rendering.js","from":"geelooy/apps/code/js/tabs/index.js","resolvedFile":"/geelooy/apps/code/js/tabs/rendering.js","key":"geelooy/apps/code/js/tabs/rendering.js"}
[MerkavaModule:done] {"key":"geelooy/apps/code/js/tabs/rendering.js","exports":["TabsRenderer"]}
[MerkavaModule:start] {"file":"/geelooy/apps/code/js/tabs/lifecycle.js","from":"geelooy/apps/code/js/tabs/index.js","resolvedFile":"/geelooy/apps/code/js/tabs/lifecycle.js","key":"geelooy/apps/code/js/tabs/lifecycle.js"}
[MerkavaModule:start] {"file":"/geelooy/apps/code/js/tabs/lifecycle.js","from":"geelooy/apps/code/js/tabs/index.js","resolvedFile":"/geelooy/apps/code/js/tabs/lifecycle.js","key":"geelooy/apps/code/js/tabs/lifecycle.js"}
[MerkavaModule:start] {"file":"/geelooy/apps/code/js/tabs/persistence.js","from":"geelooy/apps/code/js/tabs/lifecycle.js","resolvedFile":"/geelooy/apps/code/js/tabs/persistence.js","key":"geelooy/apps/code/js/tabs/persistence.js"}
[MerkavaModule:start] {"file":"/geelooy/apps/code/js/tabs/persistence.js","from":"geelooy/apps/code/js/tabs/lifecycle.js","resolvedFile":"/geelooy/apps/code/js/tabs/persistence.js","key":"geelooy/apps/code/js/tabs/persistence.js"}
[MerkavaModule:done] {"key":"geelooy/apps/code/js/tabs/persistence.js","exports":["TabsPersistence"]}
[MerkavaModule:start] {"file":"/geelooy/apps/code/js/terminal/index.js","from":"geelooy/apps/code/js/tabs/lifecycle.js","resolvedFile":"/geelooy/apps/code/js/terminal/index.js","key":"geelooy/apps/code/js/terminal/index.js"}
[MerkavaModule:start] {"file":"/geelooy/apps/code/js/terminal/index.js","from":"geelooy/apps/code/js/tabs/lifecycle.js","resolvedFile":"/geelooy/apps/code/js/terminal/index.js","key":"geelooy/apps/code/js/terminal/index.js"}
[MerkavaModule:start] {"file":"/geelooy/apps/code/js/terminal/manager.js","from":"geelooy/apps/code/js/terminal/index.js","resolvedFile":"/geelooy/apps/code/js/terminal/manager.js","key":"geelooy/apps/code/js/terminal/manager.js"}
[MerkavaModule:start] {"file":"/geelooy/apps/code/js/terminal/manager.js","from":"geelooy/apps/code/js/terminal/index.js","resolvedFile":"/geelooy/apps/code/js/terminal/manager.js","key":"geelooy/apps/code/js/terminal/manager.js"}
[MerkavaModule:done] {"key":"geelooy/apps/code/js/terminal/manager.js","exports":["TerminalManager"]}
[MerkavaModule:start] {"file":"/geelooy/apps/code/js/terminal/renderer.js","from":"geelooy/apps/code/js/terminal/index.js","resolvedFile":"/geelooy/apps/code/js/terminal/renderer.js","key":"geelooy/apps/code/js/terminal/renderer.js"}
[MerkavaModule:start] {"file":"/geelooy/apps/code/js/terminal/renderer.js","from":"geelooy/apps/code/js/terminal/index.js","resolvedFile":"/geelooy/apps/code/js/terminal/renderer.js","key":"geelooy/apps/code/js/terminal/renderer.js"}
[MerkavaModule:start] {"file":"/geelooy/apps/code/js/terminal/shell.js","from":"geelooy/apps/code/js/terminal/renderer.js","resolvedFile":"/geelooy/apps/code/js/terminal/shell.js","key":"geelooy/apps/code/js/terminal/shell.js"}
[MerkavaModule:start] {"file":"/geelooy/apps/code/js/terminal/shell.js","from":"geelooy/apps/code/js/terminal/renderer.js","resolvedFile":"/geelooy/apps/code/js/terminal/shell.js","key":"geelooy/apps/code/js/terminal/shell.js"}
[MerkavaModule:start] {"file":"/geelooy/apps/code/js/terminal/ui.js","from":"geelooy/apps/code/js/terminal/shell.js","resolvedFile":"/geelooy/apps/code/js/terminal/ui.js","key":"geelooy/apps/code/js/terminal/ui.js"}
[MerkavaModule:start] {"file":"/geelooy/apps/code/js/terminal/ui.js","from":"geelooy/apps/code/js/terminal/shell.js","resolvedFile":"/geelooy/apps/code/js/terminal/ui.js","key":"geelooy/apps/code/js/terminal/ui.js"}
[MerkavaModule:start] {"file":"/geelooy/apps/code/js/terminal/utils/outputSanitizer.js","from":"geelooy/apps/code/js/terminal/ui.js","resolvedFile":"/geelooy/apps/code/js/terminal/utils/outputSanitizer.js","key":"geelooy/apps/code/js/terminal/utils/outputSanitizer.js"}
[MerkavaModule:start] {"file":"/geelooy/apps/code/js/terminal/utils/outputSanitizer.js","from":"geelooy/apps/code/js/terminal/ui.js","resolvedFile":"/geelooy/apps/code/js/terminal/utils/outputSanitizer.js","key":"geelooy/apps/code/js/terminal/utils/outputSanitizer.js"}
[MerkavaModule:done] {"key":"geelooy/apps/code/js/terminal/utils/outputSanitizer.js","exports":["terminalOutputToText","escapeTerminalText"]}
[MerkavaModule:done] {"key":"geelooy/apps/code/js/terminal/ui.js","exports":["TerminalUI"]}
[MerkavaModule:start] {"file":"/geelooy/apps/code/js/terminal/input-handler.js","from":"geelooy/apps/code/js/terminal/shell.js","resolvedFile":"/geelooy/apps/code/js/terminal/input-handler.js","key":"geelooy/apps/code/js/terminal/input-handler.js"}
[MerkavaModule:start] {"file":"/geelooy/apps/code/js/terminal/input-handler.js","from":"geelooy/apps/code/js/terminal/shell.js","resolvedFile":"/geelooy/apps/code/js/terminal/input-handler.js","key":"geelooy/apps/code/js/terminal/input-handler.js"}
[MerkavaModule:start] {"file":"/geelooy/apps/code/js/terminal/completer.js","from":"geelooy/apps/code/js/terminal/input-handler.js","resolvedFile":"/geelooy/apps/code/js/terminal/completer.js","key":"geelooy/apps/code/js/terminal/completer.js"}
[MerkavaModule:start] {"file":"/geelooy/apps/code/js/terminal/completer.js","from":"geelooy/apps/code/js/terminal/input-handler.js","resolvedFile":"/geelooy/apps/code/js/terminal/completer.js","key":"geelooy/apps/code/js/terminal/completer.js"}
[MerkavaModule:start] {"file":"/geelooy/apps/code/js/terminal/commands.js","from":"geelooy/apps/code/js/terminal/completer.js","resolvedFile":"/geelooy/apps/code/js/terminal/commands.js","key":"geelooy/apps/code/js/terminal/commands.js"}
[MerkavaModule:start] {"file":"/geelooy/apps/code/js/terminal/commands.js","from":"geelooy/apps/code/js/terminal/completer.js","resolvedFile":"/geelooy/apps/code/js/terminal/commands.js","key":"geelooy/apps/code/js/terminal/commands.js"}
[MerkavaModule:start] {"file":"/geelooy/apps/code/js/terminal/commands/filesystem.js","from":"geelooy/apps/code/js/terminal/commands.js","resolvedFile":"/geelooy/apps/code/js/terminal/commands/filesystem.js","key":"geelooy/apps/code/js/terminal/commands/filesystem.js"}
[MerkavaModule:start] {"file":"/geelooy/apps/code/js/terminal/commands/filesystem.js","from":"geelooy/apps/code/js/terminal/commands.js","resolvedFile":"/geelooy/apps/code/js/terminal/commands/filesystem.js","key":"geelooy/apps/code/js/terminal/commands/filesystem.js"}
[MerkavaModule:done] {"key":"geelooy/apps/code/js/terminal/commands/filesystem.js","exports":["FilesystemCommands"]}
[MerkavaModule:start] {"file":"/geelooy/apps/code/js/terminal/commands/archive.js","from":"geelooy/apps/code/js/terminal/commands.js","resolvedFile":"/geelooy/apps/code/js/terminal/commands/archive.js","key":"geelooy/apps/code/js/terminal/commands/archive.js"}
[MerkavaModule:start] {"file":"/geelooy/apps/code/js/terminal/commands/archive.js","from":"geelooy/apps/code/js/terminal/commands.js","resolvedFile":"/geelooy/apps/code/js/terminal/commands/archive.js","key":"geelooy/apps/code/js/terminal/commands/archive.js"}
[MerkavaModule:done] {"key":"geelooy/apps/code/js/terminal/commands/archive.js","exports":["ArchiveCommands"]}
[MerkavaModule:start] {"file":"/geelooy/apps/code/js/terminal/commands/git.js","from":"geelooy/apps/code/js/terminal/commands.js","resolvedFile":"/geelooy/apps/code/js/terminal/commands/git.js","key":"geelooy/apps/code/js/terminal/commands/git.js"}
[MerkavaModule:start] {"file":"/geelooy/apps/code/js/terminal/commands/git.js","from":"geelooy/apps/code/js/terminal/commands.js","resolvedFile":"/geelooy/apps/code/js/terminal/commands/git.js","key":"geelooy/apps/code/js/terminal/commands/git.js"}
[MerkavaModule:start] {"file":"/geelooy/apps/code/js/git/index.js","from":"geelooy/apps/code/js/terminal/commands/git.js","resolvedFile":"/geelooy/apps/code/js/git/index.js","key":"geelooy/apps/code/js/git/index.js"}
[MerkavaModule:start] {"file":"/geelooy/apps/code/js/git/index.js","from":"geelooy/apps/code/js/terminal/commands/git.js","resolvedFile":"/geelooy/apps/code/js/git/index.js","key":"geelooy/apps/code/js/git/index.js"}
[MerkavaModule:start] {"file":"/geelooy/apps/code/js/git/init.js","from":"geelooy/apps/code/js/git/index.js","resolvedFile":"/geelooy/apps/code/js/git/init.js","key":"geelooy/apps/code/js/git/init.js"}
[MerkavaModule:start] {"file":"/geelooy/apps/code/js/git/init.js","from":"geelooy/apps/code/js/git/index.js","resolvedFile":"/geelooy/apps/code/js/git/init.js","key":"geelooy/apps/code/js/git/init.js"}
[MerkavaModule:start] {"file":"/geelooy/apps/code/js/git/commit/api.js","from":"geelooy/apps/code/js/git/init.js","resolvedFile":"/geelooy/apps/code/js/git/commit/api.js","key":"geelooy/apps/code/js/git/commit/api.js"}
[MerkavaModule:start] {"file":"/geelooy/apps/code/js/git/commit/api.js","from":"geelooy/apps/code/js/git/init.js","resolvedFile":"/geelooy/apps/code/js/git/commit/api.js","key":"geelooy/apps/code/js/git/commit/api.js"}
[MerkavaModule:done] {"key":"geelooy/apps/code/js/git/commit/api.js","exports":["CommitAPI"]}
[MerkavaModule:start] {"file":"/geelooy/apps/code/js/git/commit/core.js","from":"geelooy/apps/code/js/git/init.js","resolvedFile":"/geelooy/apps/code/js/git/commit/core.js","key":"geelooy/apps/code/js/git/commit/core.js"}
[MerkavaModule:start] {"file":"/geelooy/apps/code/js/git/commit/core.js","from":"geelooy/apps/code/js/git/init.js","resolvedFile":"/geelooy/apps/code/js/git/commit/core.js","key":"geelooy/apps/code/js/git/commit/core.js"}
[MerkavaModule:start] {"file":"/geelooy/apps/code/js/git/commit/state.js","from":"geelooy/apps/code/js/git/commit/core.js","resolvedFile":"/geelooy/apps/code/js/git/commit/state.js","key":"geelooy/apps/code/js/git/commit/state.js"}
[MerkavaModule:start] {"file":"/geelooy/apps/code/js/git/commit/state.js","from":"geelooy/apps/code/js/git/commit/core.js","resolvedFile":"/geelooy/apps/code/js/git/commit/state.js","key":"geelooy/apps/code/js/git/commit/state.js"}
[MerkavaModule:start] {"file":"/geelooy/apps/code/js/git/commit/metadata-rituals.js","from":"geelooy/apps/code/js/git/commit/state.js","resolvedFile":"/geelooy/apps/code/js/git/commit/metadata-rituals.js","key":"geelooy/apps/code/js/git/commit/metadata-rituals.js"}
[MerkavaModule:start] {"file":"/geelooy/apps/code/js/git/commit/metadata-rituals.js","from":"geelooy/apps/code/js/git/commit/state.js","resolvedFile":"/geelooy/apps/code/js/git/commit/metadata-rituals.js","key":"geelooy/apps/code/js/git/commit/metadata-rituals.js"}
[MerkavaModule:done] {"key":"geelooy/apps/code/js/git/commit/metadata-rituals.js","exports":["MetadataRituals","default"]}
[MerkavaModule:start] {"file":"/geelooy/apps/code/js/git/commit/commit-context.js","from":"geelooy/apps/code/js/git/commit/state.js","resolvedFile":"/geelooy/apps/code/js/git/commit/commit-context.js","key":"geelooy/apps/code/js/git/commit/commit-context.js"}
[MerkavaModule:start] {"file":"/geelooy/apps/code/js/git/commit/commit-context.js","from":"geelooy/apps/code/js/git/commit/state.js","resolvedFile":"/geelooy/apps/code/js/git/commit/commit-context.js","key":"geelooy/apps/code/js/git/commit/commit-context.js"}
[MerkavaModule:done] {"key":"geelooy/apps/code/js/git/commit/commit-context.js","exports":["assertGitInfo","normalizeCommitContext","shouldWriteLocalAnchor","normalizeChange","normalizeChangeSet","countChangeSet","assertNonEmptyChangeSet"]}
[MerkavaModule:done] {"key":"geelooy/apps/code/js/git/commit/state.js","exports":["CommitState"]}
[MerkavaModule:done] {"key":"geelooy/apps/code/js/git/commit/core.js","exports":["GitCommit"]}
[MerkavaModule:done] {"key":"geelooy/apps/code/js/git/init.js","exports":["GitInit"]}
[MerkavaModule:start] {"file":"/geelooy/apps/code/js/git/status-ui.js","from":"geelooy/apps/code/js/git/index.js","resolvedFile":"/geelooy/apps/code/js/git/status-ui.js","key":"geelooy/apps/code/js/git/status-ui.js"}
[MerkavaModule:start] {"file":"/geelooy/apps/code/js/git/status-ui.js","from":"geelooy/apps/code/js/git/index.js","resolvedFile":"/geelooy/apps/code/js/git/status-ui.js","key":"geelooy/apps/code/js/git/status-ui.js"}
[MerkavaModule:start] {"file":"/geelooy/apps/code/js/git/ui/status-dialog.js","from":"geelooy/apps/code/js/git/status-ui.js","resolvedFile":"/geelooy/apps/code/js/git/ui/status-dialog.js","key":"geelooy/apps/code/js/git/ui/status-dialog.js"}
[MerkavaModule:start] {"file":"/geelooy/apps/code/js/git/ui/status-dialog.js","from":"geelooy/apps/code/js/git/status-ui.js","resolvedFile":"/geelooy/apps/code/js/git/ui/status-dialog.js","key":"geelooy/apps/code/js/git/ui/status-dialog.js"}
[MerkavaModule:done] {"key":"geelooy/apps/code/js/git/ui/status-dialog.js","exports":["GitStatusUI"]}
[MerkavaModule:done] {"key":"geelooy/apps/code/js/git/status-ui.js","exports":["GitStatusUI"]}
[MerkavaModule:start] {"file":"/geelooy/apps/code/js/git/branches.js","from":"geelooy/apps/code/js/git/index.js","resolvedFile":"/geelooy/apps/code/js/git/branches.js","key":"geelooy/apps/code/js/git/branches.js"}
[MerkavaModule:start] {"file":"/geelooy/apps/code/js/git/branches.js","from":"geelooy/apps/code/js/git/index.js","resolvedFile":"/geelooy/apps/code/js/git/branches.js","key":"geelooy/apps/code/js/git/branches.js"}
[MerkavaModule:done] {"key":"geelooy/apps/code/js/git/branches.js","exports":["GitBranches"]}
[MerkavaModule:done] {"key":"geelooy/apps/code/js/git/index.js","exports":["GitManager"]}
[MerkavaModule:start] {"file":"/geelooy/apps/code/js/git/git-diff.js","from":"geelooy/apps/code/js/terminal/commands/git.js","resolvedFile":"/geelooy/apps/code/js/git/git-diff.js","key":"geelooy/apps/code/js/git/git-diff.js"}
[MerkavaModule:start] {"file":"/geelooy/apps/code/js/git/git-diff.js","from":"geelooy/apps/code/js/terminal/commands/git.js","resolvedFile":"/geelooy/apps/code/js/git/git-diff.js","key":"geelooy/apps/code/js/git/git-diff.js"}
[MerkavaModule:start] {"file":"/geelooy/apps/code/js/git-sha-calculator.js","from":"geelooy/apps/code/js/git/git-diff.js","resolvedFile":"/geelooy/apps/code/js/git-sha-calculator.js","key":"geelooy/apps/code/js/git-sha-calculator.js"}
[MerkavaModule:start] {"file":"/geelooy/apps/code/js/git-sha-calculator.js","from":"geelooy/apps/code/js/git/git-diff.js","resolvedFile":"/geelooy/apps/code/js/git-sha-calculator.js","key":"geelooy/apps/code/js/git-sha-calculator.js"}
[MerkavaModule:done] {"key":"geelooy/apps/code/js/git-sha-calculator.js","exports":["calculateGitBlobSha"]}
[MerkavaModule:done] {"key":"geelooy/apps/code/js/git/git-diff.js","exports":["GitDiff"]}
[MerkavaModule:done] {"key":"geelooy/apps/code/js/terminal/commands/git.js","exports":["GitCommands"]}
[MerkavaModule:start] {"file":"/geelooy/apps/code/js/terminal/commands/node-cmd.js","from":"geelooy/apps/code/js/terminal/commands.js","resolvedFile":"/geelooy/apps/code/js/terminal/commands/node-cmd.js","key":"geelooy/apps/code/js/terminal/commands/node-cmd.js"}
[MerkavaModule:start] {"file":"/geelooy/apps/code/js/terminal/commands/node-cmd.js","from":"geelooy/apps/code/js/terminal/commands.js","resolvedFile":"/geelooy/apps/code/js/terminal/commands/node-cmd.js","key":"geelooy/apps/code/js/terminal/commands/node-cmd.js"}
[MerkavaModule:start] {"file":"/geelooy/apps/code/js/node/index.js","from":"geelooy/apps/code/js/terminal/commands/node-cmd.js","resolvedFile":"/geelooy/apps/code/js/node/index.js","key":"geelooy/apps/code/js/node/index.js"}
[MerkavaModule:start] {"file":"/geelooy/apps/code/js/node/index.js","from":"geelooy/apps/code/js/terminal/commands/node-cmd.js","resolvedFile":"/geelooy/apps/code/js/node/index.js","key":"geelooy/apps/code/js/node/index.js"}
[MerkavaModule:start] {"file":"/geelooy/apps/code/js/node/manager.js","from":"geelooy/apps/code/js/node/index.js","resolvedFile":"/geelooy/apps/code/js/node/manager.js","key":"geelooy/apps/code/js/node/manager.js"}
[MerkavaModule:start] {"file":"/geelooy/apps/code/js/node/manager.js","from":"geelooy/apps/code/js/node/index.js","resolvedFile":"/geelooy/apps/code/js/node/manager.js","key":"geelooy/apps/code/js/node/manager.js"}
[MerkavaModule:start] {"file":"/geelooy/apps/code/js/node/worker-source.js","from":"geelooy/apps/code/js/node/manager.js","resolvedFile":"/geelooy/apps/code/js/node/worker-source.js","key":"geelooy/apps/code/js/node/worker-source.js"}
[MerkavaModule:start] {"file":"/geelooy/apps/code/js/node/worker-source.js","from":"geelooy/apps/code/js/node/manager.js","resolvedFile":"/geelooy/apps/code/js/node/worker-source.js","key":"geelooy/apps/code/js/node/worker-source.js"}
[MerkavaModule:start] {"file":" + currentDir);\n\n        if (moduleCache[resolvedPath]) return moduleCache[resolvedPath].exports;\n\n        if (coreModules[resolvedPath]) {\n            const module = { exports: {} };\n            moduleCache[resolvedPath] = module;\n            const wrapper = ","from":"geelooy/apps/code/js/node/worker-source.js","resolvedFile":" + currentDir);\n\n        if (moduleCache[resolvedPath]) return moduleCache[resolvedPath].exports;\n\n        if (coreModules[resolvedPath]) {\n            const module = { exports: {} };\n            moduleCache[resolvedPath] = module;\n            const wrapper = ","key":" + currentDir);\n\n        if (moduleCache[resolvedPath]) return moduleCache[resolvedPath].exports;\n\n        if (coreModules[resolvedPath]) {\n            const module = { exports: {} };\n            moduleCache[resolvedPath] = module;\n            const wrapper = "}
[MerkavaModule:start] {"file":" + currentDir);\n\n        if (moduleCache[resolvedPath]) return moduleCache[resolvedPath].exports;\n\n        if (coreModules[resolvedPath]) {\n            const module = { exports: {} };\n            moduleCache[resolvedPath] = module;\n            const wrapper = ","from":"geelooy/apps/code/js/node/worker-source.js","resolvedFile":" + currentDir);\n\n        if (moduleCache[resolvedPath]) return moduleCache[resolvedPath].exports;\n\n        if (coreModules[resolvedPath]) {\n            const module = { exports: {} };\n            moduleCache[resolvedPath] = module;\n            const wrapper = ","key":" + currentDir);\n\n        if (moduleCache[resolvedPath]) return moduleCache[resolvedPath].exports;\n\n        if (coreModules[resolvedPath]) {\n            const module = { exports: {} };\n            moduleCache[resolvedPath] = module;\n            const wrapper = "}
