[T+671ms] [Probe:afterCollect] {"target":"geelooy/games/scribe-journey/index.html","fileCount":179,"entry":"geelooy/games/scribe-journey/index.html"}
[T+711ms] [MerkavaStep:start] {"type":"classic","inline":true,"resolved":null}
[T+724ms] [MerkavaStep:done] {"type":"classic","inline":true,"resolved":null}
[T+724ms] [MerkavaStep:start] {"type":"module","inline":false,"resolved":"geelooy/games/scribe-journey/js/main.js"}
[T+735ms] [MerkavaModule:start] {"file":"geelooy/games/scribe-journey/js/main.js","from":"/","resolvedFile":"geelooy/games/scribe-journey/js/main.js","key":"geelooy/games/scribe-journey/js/main.js"}
[T+735ms] [MerkavaModule:start] {"file":"geelooy/games/scribe-journey/js/main.js","from":"/","resolvedFile":"geelooy/games/scribe-journey/js/main.js","key":"geelooy/games/scribe-journey/js/main.js"}
[T+741ms] [MerkavaModule:start] {"file":"/geelooy/games/scribe-journey/js/input.js","from":"geelooy/games/scribe-journey/js/main.js","resolvedFile":"/geelooy/games/scribe-journey/js/input.js","key":"geelooy/games/scribe-journey/js/input.js"}
[T+741ms] [MerkavaModule:start] {"file":"/geelooy/games/scribe-journey/js/input.js","from":"geelooy/games/scribe-journey/js/main.js","resolvedFile":"/geelooy/games/scribe-journey/js/input.js","key":"geelooy/games/scribe-journey/js/input.js"}
[T+748ms] [MerkavaModule:done] {"key":"geelooy/games/scribe-journey/js/input.js","exports":["initInput"]}
[T+749ms] [MerkavaModule:start] {"file":"/geelooy/games/scribe-journey/js/ui.js","from":"geelooy/games/scribe-journey/js/main.js","resolvedFile":"/geelooy/games/scribe-journey/js/ui.js","key":"geelooy/games/scribe-journey/js/ui.js"}
[T+749ms] [MerkavaModule:start] {"file":"/geelooy/games/scribe-journey/js/ui.js","from":"geelooy/games/scribe-journey/js/main.js","resolvedFile":"/geelooy/games/scribe-journey/js/ui.js","key":"geelooy/games/scribe-journey/js/ui.js"}
[T+757ms] [MerkavaModule:start] {"file":"/geelooy/games/scribe-journey/js/render.js","from":"geelooy/games/scribe-journey/js/ui.js","resolvedFile":"/geelooy/games/scribe-journey/js/render.js","key":"geelooy/games/scribe-journey/js/render.js"}
[T+757ms] [MerkavaModule:start] {"file":"/geelooy/games/scribe-journey/js/render.js","from":"geelooy/games/scribe-journey/js/ui.js","resolvedFile":"/geelooy/games/scribe-journey/js/render.js","key":"geelooy/games/scribe-journey/js/render.js"}
[T+763ms] [MerkavaModule:start] {"file":"/geelooy/games/scribe-journey/js/data/database.js","from":"geelooy/games/scribe-journey/js/render.js","resolvedFile":"/geelooy/games/scribe-journey/js/data/database.js","key":"geelooy/games/scribe-journey/js/data/database.js"}
[T+763ms] [MerkavaModule:start] {"file":"/geelooy/games/scribe-journey/js/data/database.js","from":"geelooy/games/scribe-journey/js/render.js","resolvedFile":"/geelooy/games/scribe-journey/js/data/database.js","key":"geelooy/games/scribe-journey/js/data/database.js"}
[T+764ms] [MerkavaModule:start] {"file":"/geelooy/games/scribe-journey/js/data/musagim.js","from":"geelooy/games/scribe-journey/js/data/database.js","resolvedFile":"/geelooy/games/scribe-journey/js/data/musagim.js","key":"geelooy/games/scribe-journey/js/data/musagim.js"}
[T+764ms] [MerkavaModule:start] {"file":"/geelooy/games/scribe-journey/js/data/musagim.js","from":"geelooy/games/scribe-journey/js/data/database.js","resolvedFile":"/geelooy/games/scribe-journey/js/data/musagim.js","key":"geelooy/games/scribe-journey/js/data/musagim.js"}
[T+765ms] [MerkavaModule:start] {"file":"/geelooy/games/scribe-journey/js/data/bestiary/index.js","from":"geelooy/games/scribe-journey/js/data/musagim.js","resolvedFile":"/geelooy/games/scribe-journey/js/data/bestiary/index.js","key":"geelooy/games/scribe-journey/js/data/bestiary/index.js"}
[T+765ms] [MerkavaModule:start] {"file":"/geelooy/games/scribe-journey/js/data/bestiary/index.js","from":"geelooy/games/scribe-journey/js/data/musagim.js","resolvedFile":"/geelooy/games/scribe-journey/js/data/bestiary/index.js","key":"geelooy/games/scribe-journey/js/data/bestiary/index.js"}
[T+767ms] [MerkavaModule:start] {"file":"/geelooy/games/scribe-journey/js/data/bestiary/malkuth.js","from":"geelooy/games/scribe-journey/js/data/bestiary/index.js","resolvedFile":"/geelooy/games/scribe-journey/js/data/bestiary/malkuth.js","key":"geelooy/games/scribe-journey/js/data/bestiary/malkuth.js"}
[T+767ms] [MerkavaModule:start] {"file":"/geelooy/games/scribe-journey/js/data/bestiary/malkuth.js","from":"geelooy/games/scribe-journey/js/data/bestiary/index.js","resolvedFile":"/geelooy/games/scribe-journey/js/data/bestiary/malkuth.js","key":"geelooy/games/scribe-journey/js/data/bestiary/malkuth.js"}
[T+773ms] [MerkavaModule:done] {"key":"geelooy/games/scribe-journey/js/data/bestiary/malkuth.js","exports":["malkuthBeasts"]}
[T+773ms] [MerkavaModule:start] {"file":"/geelooy/games/scribe-journey/js/data/bestiary/gevurah.js","from":"geelooy/games/scribe-journey/js/data/bestiary/index.js","resolvedFile":"/geelooy/games/scribe-journey/js/data/bestiary/gevurah.js","key":"geelooy/games/scribe-journey/js/data/bestiary/gevurah.js"}
[T+774ms] [MerkavaModule:start] {"file":"/geelooy/games/scribe-journey/js/data/bestiary/gevurah.js","from":"geelooy/games/scribe-journey/js/data/bestiary/index.js","resolvedFile":"/geelooy/games/scribe-journey/js/data/bestiary/gevurah.js","key":"geelooy/games/scribe-journey/js/data/bestiary/gevurah.js"}
[T+776ms] [MerkavaModule:done] {"key":"geelooy/games/scribe-journey/js/data/bestiary/gevurah.js","exports":["gevurahBeasts"]}
[T+776ms] [MerkavaModule:start] {"file":"/geelooy/games/scribe-journey/js/data/bestiary/chesed.js","from":"geelooy/games/scribe-journey/js/data/bestiary/index.js","resolvedFile":"/geelooy/games/scribe-journey/js/data/bestiary/chesed.js","key":"geelooy/games/scribe-journey/js/data/bestiary/chesed.js"}
[T+777ms] [MerkavaModule:start] {"file":"/geelooy/games/scribe-journey/js/data/bestiary/chesed.js","from":"geelooy/games/scribe-journey/js/data/bestiary/index.js","resolvedFile":"/geelooy/games/scribe-journey/js/data/bestiary/chesed.js","key":"geelooy/games/scribe-journey/js/data/bestiary/chesed.js"}
[T+779ms] [MerkavaModule:done] {"key":"geelooy/games/scribe-journey/js/data/bestiary/chesed.js","exports":["chesedBeasts"]}
[T+779ms] [MerkavaModule:start] {"file":"/geelooy/games/scribe-journey/js/data/bestiary/binah.js","from":"geelooy/games/scribe-journey/js/data/bestiary/index.js","resolvedFile":"/geelooy/games/scribe-journey/js/data/bestiary/binah.js","key":"geelooy/games/scribe-journey/js/data/bestiary/binah.js"}
[T+779ms] [MerkavaModule:start] {"file":"/geelooy/games/scribe-journey/js/data/bestiary/binah.js","from":"geelooy/games/scribe-journey/js/data/bestiary/index.js","resolvedFile":"/geelooy/games/scribe-journey/js/data/bestiary/binah.js","key":"geelooy/games/scribe-journey/js/data/bestiary/binah.js"}
[T+782ms] [MerkavaModule:done] {"key":"geelooy/games/scribe-journey/js/data/bestiary/binah.js","exports":["binahBeasts"]}
[T+782ms] [MerkavaModule:start] {"file":"/geelooy/games/scribe-journey/js/data/bestiary/qliphoth.js","from":"geelooy/games/scribe-journey/js/data/bestiary/index.js","resolvedFile":"/geelooy/games/scribe-journey/js/data/bestiary/qliphoth.js","key":"geelooy/games/scribe-journey/js/data/bestiary/qliphoth.js"}
[T+782ms] [MerkavaModule:start] {"file":"/geelooy/games/scribe-journey/js/data/bestiary/qliphoth.js","from":"geelooy/games/scribe-journey/js/data/bestiary/index.js","resolvedFile":"/geelooy/games/scribe-journey/js/data/bestiary/qliphoth.js","key":"geelooy/games/scribe-journey/js/data/bestiary/qliphoth.js"}
[T+784ms] [MerkavaModule:done] {"key":"geelooy/games/scribe-journey/js/data/bestiary/qliphoth.js","exports":["qliphothBeasts"]}
[T+784ms] [MerkavaModule:start] {"file":"/geelooy/games/scribe-journey/js/data/bestiary/keter.js","from":"geelooy/games/scribe-journey/js/data/bestiary/index.js","resolvedFile":"/geelooy/games/scribe-journey/js/data/bestiary/keter.js","key":"geelooy/games/scribe-journey/js/data/bestiary/keter.js"}
[T+784ms] [MerkavaModule:start] {"file":"/geelooy/games/scribe-journey/js/data/bestiary/keter.js","from":"geelooy/games/scribe-journey/js/data/bestiary/index.js","resolvedFile":"/geelooy/games/scribe-journey/js/data/bestiary/keter.js","key":"geelooy/games/scribe-journey/js/data/bestiary/keter.js"}
[T+786ms] [MerkavaModule:done] {"key":"geelooy/games/scribe-journey/js/data/bestiary/keter.js","exports":["keterBeasts"]}
[T+787ms] [MerkavaModule:start] {"file":"/geelooy/games/scribe-journey/js/data/bestiary/chokhmah.js","from":"geelooy/games/scribe-journey/js/data/bestiary/index.js","resolvedFile":"/geelooy/games/scribe-journey/js/data/bestiary/chokhmah.js","key":"geelooy/games/scribe-journey/js/data/bestiary/chokhmah.js"}
[T+787ms] [MerkavaModule:start] {"file":"/geelooy/games/scribe-journey/js/data/bestiary/chokhmah.js","from":"geelooy/games/scribe-journey/js/data/bestiary/index.js","resolvedFile":"/geelooy/games/scribe-journey/js/data/bestiary/chokhmah.js","key":"geelooy/games/scribe-journey/js/data/bestiary/chokhmah.js"}
[T+789ms] [MerkavaModule:done] {"key":"geelooy/games/scribe-journey/js/data/bestiary/chokhmah.js","exports":["chokhmahBeasts"]}
[T+789ms] [MerkavaModule:start] {"file":"/geelooy/games/scribe-journey/js/data/bestiary/zeraim.js","from":"geelooy/games/scribe-journey/js/data/bestiary/index.js","resolvedFile":"/geelooy/games/scribe-journey/js/data/bestiary/zeraim.js","key":"geelooy/games/scribe-journey/js/data/bestiary/zeraim.js"}
[T+789ms] [MerkavaModule:start] {"file":"/geelooy/games/scribe-journey/js/data/bestiary/zeraim.js","from":"geelooy/games/scribe-journey/js/data/bestiary/index.js","resolvedFile":"/geelooy/games/scribe-journey/js/data/bestiary/zeraim.js","key":"geelooy/games/scribe-journey/js/data/bestiary/zeraim.js"}
[T+793ms] [MerkavaModule:done] {"key":"geelooy/games/scribe-journey/js/data/bestiary/zeraim.js","exports":["zeraimBeasts"]}
[T+794ms] [MerkavaModule:start] {"file":"/geelooy/games/scribe-journey/js/data/bestiary/tanya.js","from":"geelooy/games/scribe-journey/js/data/bestiary/index.js","resolvedFile":"/geelooy/games/scribe-journey/js/data/bestiary/tanya.js","key":"geelooy/games/scribe-journey/js/data/bestiary/tanya.js"}
[T+794ms] [MerkavaModule:start] {"file":"/geelooy/games/scribe-journey/js/data/bestiary/tanya.js","from":"geelooy/games/scribe-journey/js/data/bestiary/index.js","resolvedFile":"/geelooy/games/scribe-journey/js/data/bestiary/tanya.js","key":"geelooy/games/scribe-journey/js/data/bestiary/tanya.js"}
[T+796ms] [MerkavaModule:done] {"key":"geelooy/games/scribe-journey/js/data/bestiary/tanya.js","exports":["tanyaBeasts"]}
[T+797ms] [MerkavaModule:start] {"file":"/geelooy/games/scribe-journey/js/data/bestiary/tribes.js","from":"geelooy/games/scribe-journey/js/data/bestiary/index.js","resolvedFile":"/geelooy/games/scribe-journey/js/data/bestiary/tribes.js","key":"geelooy/games/scribe-journey/js/data/bestiary/tribes.js"}
[T+797ms] [MerkavaModule:start] {"file":"/geelooy/games/scribe-journey/js/data/bestiary/tribes.js","from":"geelooy/games/scribe-journey/js/data/bestiary/index.js","resolvedFile":"/geelooy/games/scribe-journey/js/data/bestiary/tribes.js","key":"geelooy/games/scribe-journey/js/data/bestiary/tribes.js"}
[T+798ms] [MerkavaModule:done] {"key":"geelooy/games/scribe-journey/js/data/bestiary/tribes.js","exports":["tribesBeasts"]}
[T+799ms] [MerkavaModule:start] {"file":"/geelooy/games/scribe-journey/js/data/bestiary/amalek.js","from":"geelooy/games/scribe-journey/js/data/bestiary/index.js","resolvedFile":"/geelooy/games/scribe-journey/js/data/bestiary/amalek.js","key":"geelooy/games/scribe-journey/js/data/bestiary/amalek.js"}
[T+799ms] [MerkavaModule:start] {"file":"/geelooy/games/scribe-journey/js/data/bestiary/amalek.js","from":"geelooy/games/scribe-journey/js/data/bestiary/index.js","resolvedFile":"/geelooy/games/scribe-journey/js/data/bestiary/amalek.js","key":"geelooy/games/scribe-journey/js/data/bestiary/amalek.js"}
[T+800ms] [MerkavaModule:done] {"key":"geelooy/games/scribe-journey/js/data/bestiary/amalek.js","exports":["amalekBeasts"]}
[T+800ms] [MerkavaModule:start] {"file":"/geelooy/games/scribe-journey/js/data/bestiary/letters.js","from":"geelooy/games/scribe-journey/js/data/bestiary/index.js","resolvedFile":"/geelooy/games/scribe-journey/js/data/bestiary/letters.js","key":"geelooy/games/scribe-journey/js/data/bestiary/letters.js"}
[T+800ms] [MerkavaModule:start] {"file":"/geelooy/games/scribe-journey/js/data/bestiary/letters.js","from":"geelooy/games/scribe-journey/js/data/bestiary/index.js","resolvedFile":"/geelooy/games/scribe-journey/js/data/bestiary/letters.js","key":"geelooy/games/scribe-journey/js/data/bestiary/letters.js"}
[T+803ms] [MerkavaModule:done] {"key":"geelooy/games/scribe-journey/js/data/bestiary/letters.js","exports":["letterBeasts"]}
[T+803ms] [MerkavaModule:start] {"file":"/geelooy/games/scribe-journey/js/data/bestiary/midbar.js","from":"geelooy/games/scribe-journey/js/data/bestiary/index.js","resolvedFile":"/geelooy/games/scribe-journey/js/data/bestiary/midbar.js","key":"geelooy/games/scribe-journey/js/data/bestiary/midbar.js"}
[T+803ms] [MerkavaModule:start] {"file":"/geelooy/games/scribe-journey/js/data/bestiary/midbar.js","from":"geelooy/games/scribe-journey/js/data/bestiary/index.js","resolvedFile":"/geelooy/games/scribe-journey/js/data/bestiary/midbar.js","key":"geelooy/games/scribe-journey/js/data/bestiary/midbar.js"}
[T+805ms] [MerkavaModule:done] {"key":"geelooy/games/scribe-journey/js/data/bestiary/midbar.js","exports":["midbarBeasts"]}
[T+805ms] [MerkavaModule:start] {"file":"/geelooy/games/scribe-journey/js/data/bestiary/sechirut.js","from":"geelooy/games/scribe-journey/js/data/bestiary/index.js","resolvedFile":"/geelooy/games/scribe-journey/js/data/bestiary/sechirut.js","key":"geelooy/games/scribe-journey/js/data/bestiary/sechirut.js"}
[T+805ms] [MerkavaModule:start] {"file":"/geelooy/games/scribe-journey/js/data/bestiary/sechirut.js","from":"geelooy/games/scribe-journey/js/data/bestiary/index.js","resolvedFile":"/geelooy/games/scribe-journey/js/data/bestiary/sechirut.js","key":"geelooy/games/scribe-journey/js/data/bestiary/sechirut.js"}
[T+806ms] [MerkavaModule:done] {"key":"geelooy/games/scribe-journey/js/data/bestiary/sechirut.js","exports":["sechirutBeasts"]}
[T+807ms] [MerkavaModule:start] {"file":"/geelooy/games/scribe-journey/js/data/bestiary/chanukah_beasts.js","from":"geelooy/games/scribe-journey/js/data/bestiary/index.js","resolvedFile":"/geelooy/games/scribe-journey/js/data/bestiary/chanukah_beasts.js","key":"geelooy/games/scribe-journey/js/data/bestiary/chanukah_beasts.js"}
[T+807ms] [MerkavaModule:start] {"file":"/geelooy/games/scribe-journey/js/data/bestiary/chanukah_beasts.js","from":"geelooy/games/scribe-journey/js/data/bestiary/index.js","resolvedFile":"/geelooy/games/scribe-journey/js/data/bestiary/chanukah_beasts.js","key":"geelooy/games/scribe-journey/js/data/bestiary/chanukah_beasts.js"}
[T+808ms] [MerkavaModule:done] {"key":"geelooy/games/scribe-journey/js/data/bestiary/chanukah_beasts.js","exports":["chanukahBeasts"]}
[T+808ms] [MerkavaModule:start] {"file":"/geelooy/games/scribe-journey/js/data/bestiary/gehinnom.js","from":"geelooy/games/scribe-journey/js/data/bestiary/index.js","resolvedFile":"/geelooy/games/scribe-journey/js/data/bestiary/gehinnom.js","key":"geelooy/games/scribe-journey/js/data/bestiary/gehinnom.js"}
[T+808ms] [MerkavaModule:start] {"file":"/geelooy/games/scribe-journey/js/data/bestiary/gehinnom.js","from":"geelooy/games/scribe-journey/js/data/bestiary/index.js","resolvedFile":"/geelooy/games/scribe-journey/js/data/bestiary/gehinnom.js","key":"geelooy/games/scribe-journey/js/data/bestiary/gehinnom.js"}
[T+810ms] [MerkavaModule:done] {"key":"geelooy/games/scribe-journey/js/data/bestiary/gehinnom.js","exports":["gehinnomBeasts"]}
[T+810ms] [MerkavaModule:start] {"file":"/geelooy/games/scribe-journey/js/data/bestiary/gan_eden.js","from":"geelooy/games/scribe-journey/js/data/bestiary/index.js","resolvedFile":"/geelooy/games/scribe-journey/js/data/bestiary/gan_eden.js","key":"geelooy/games/scribe-journey/js/data/bestiary/gan_eden.js"}
[T+811ms] [MerkavaModule:start] {"file":"/geelooy/games/scribe-journey/js/data/bestiary/gan_eden.js","from":"geelooy/games/scribe-journey/js/data/bestiary/index.js","resolvedFile":"/geelooy/games/scribe-journey/js/data/bestiary/gan_eden.js","key":"geelooy/games/scribe-journey/js/data/bestiary/gan_eden.js"}
[T+812ms] [MerkavaModule:done] {"key":"geelooy/games/scribe-journey/js/data/bestiary/gan_eden.js","exports":["ganEdenBeasts"]}
[T+813ms] [MerkavaModule:start] {"file":"/geelooy/games/scribe-journey/js/data/bestiary/yud_tet_kislev.js","from":"geelooy/games/scribe-journey/js/data/bestiary/index.js","resolvedFile":"/geelooy/games/scribe-journey/js/data/bestiary/yud_tet_kislev.js","key":"geelooy/games/scribe-journey/js/data/bestiary/yud_tet_kislev.js"}
[T+813ms] [MerkavaModule:start] {"file":"/geelooy/games/scribe-journey/js/data/bestiary/yud_tet_kislev.js","from":"geelooy/games/scribe-journey/js/data/bestiary/index.js","resolvedFile":"/geelooy/games/scribe-journey/js/data/bestiary/yud_tet_kislev.js","key":"geelooy/games/scribe-journey/js/data/bestiary/yud_tet_kislev.js"}
[T+814ms] [MerkavaModule:done] {"key":"geelooy/games/scribe-journey/js/data/bestiary/yud_tet_kislev.js","exports":["yudTetBeasts"]}
[T+815ms] [MerkavaModule:start] {"file":"/geelooy/games/scribe-journey/js/data/bestiary/expansion_1.js","from":"geelooy/games/scribe-journey/js/data/bestiary/index.js","resolvedFile":"/geelooy/games/scribe-journey/js/data/bestiary/expansion_1.js","key":"geelooy/games/scribe-journey/js/data/bestiary/expansion_1.js"}
[T+815ms] [MerkavaModule:start] {"file":"/geelooy/games/scribe-journey/js/data/bestiary/expansion_1.js","from":"geelooy/games/scribe-journey/js/data/bestiary/index.js","resolvedFile":"/geelooy/games/scribe-journey/js/data/bestiary/expansion_1.js","key":"geelooy/games/scribe-journey/js/data/bestiary/expansion_1.js"}
[T+817ms] [MerkavaModule:done] {"key":"geelooy/games/scribe-journey/js/data/bestiary/expansion_1.js","exports":["expansionBeasts"]}
[T+817ms] [MerkavaModule:start] {"file":"/geelooy/games/scribe-journey/js/data/bestiary/expansion_2.js","from":"geelooy/games/scribe-journey/js/data/bestiary/index.js","resolvedFile":"/geelooy/games/scribe-journey/js/data/bestiary/expansion_2.js","key":"geelooy/games/scribe-journey/js/data/bestiary/expansion_2.js"}
[T+817ms] [MerkavaModule:start] {"file":"/geelooy/games/scribe-journey/js/data/bestiary/expansion_2.js","from":"geelooy/games/scribe-journey/js/data/bestiary/index.js","resolvedFile":"/geelooy/games/scribe-journey/js/data/bestiary/expansion_2.js","key":"geelooy/games/scribe-journey/js/data/bestiary/expansion_2.js"}
[T+819ms] [MerkavaModule:done] {"key":"geelooy/games/scribe-journey/js/data/bestiary/expansion_2.js","exports":["expansion2Beasts"]}
[T+820ms] [MerkavaModule:start] {"file":"/geelooy/games/scribe-journey/js/data/bestiary/taryag_beasts.js","from":"geelooy/games/scribe-journey/js/data/bestiary/index.js","resolvedFile":"/geelooy/games/scribe-journey/js/data/bestiary/taryag_beasts.js","key":"geelooy/games/scribe-journey/js/data/bestiary/taryag_beasts.js"}
[T+820ms] [MerkavaModule:start] {"file":"/geelooy/games/scribe-journey/js/data/bestiary/taryag_beasts.js","from":"geelooy/games/scribe-journey/js/data/bestiary/index.js","resolvedFile":"/geelooy/games/scribe-journey/js/data/bestiary/taryag_beasts.js","key":"geelooy/games/scribe-journey/js/data/bestiary/taryag_beasts.js"}
[T+821ms] [MerkavaModule:done] {"key":"geelooy/games/scribe-journey/js/data/bestiary/taryag_beasts.js","exports":["taryagBeasts"]}
[T+822ms] [MerkavaModule:start] {"file":"/geelooy/games/scribe-journey/js/data/insanity_expansion.js","from":"geelooy/games/scribe-journey/js/data/bestiary/index.js","resolvedFile":"/geelooy/games/scribe-journey/js/data/insanity_expansion.js","key":"geelooy/games/scribe-journey/js/data/insanity_expansion.js"}
[T+822ms] [MerkavaModule:start] {"file":"/geelooy/games/scribe-journey/js/data/insanity_expansion.js","from":"geelooy/games/scribe-journey/js/data/bestiary/index.js","resolvedFile":"/geelooy/games/scribe-journey/js/data/insanity_expansion.js","key":"geelooy/games/scribe-journey/js/data/insanity_expansion.js"}
[T+2850ms] [MerkavaModule:done] {"key":"geelooy/games/scribe-journey/js/data/insanity_expansion.js","exports":["insanityItems","insanityBeasts","insanityMaps"]}
[T+2850ms] [MerkavaModule:start] {"file":"/geelooy/games/scribe-journey/js/data/labyrinth_67.js","from":"geelooy/games/scribe-journey/js/data/bestiary/index.js","resolvedFile":"/geelooy/games/scribe-journey/js/data/labyrinth_67.js","key":"geelooy/games/scribe-journey/js/data/labyrinth_67.js"}
[T+2850ms] [MerkavaModule:start] {"file":"/geelooy/games/scribe-journey/js/data/labyrinth_67.js","from":"geelooy/games/scribe-journey/js/data/bestiary/index.js","resolvedFile":"/geelooy/games/scribe-journey/js/data/labyrinth_67.js","key":"geelooy/games/scribe-journey/js/data/labyrinth_67.js"}
[T+8068ms] [MerkavaModule:done] {"key":"geelooy/games/scribe-journey/js/data/labyrinth_67.js","exports":["labyrinthItems","labyrinthBeasts","labyrinthMaps"]}
[T+8069ms] [MerkavaModule:start] {"file":"/geelooy/games/scribe-journey/js/data/expansion_555.js","from":"geelooy/games/scribe-journey/js/data/bestiary/index.js","resolvedFile":"/geelooy/games/scribe-journey/js/data/expansion_555.js","key":"geelooy/games/scribe-journey/js/data/expansion_555.js"}
[T+8069ms] [MerkavaModule:start] {"file":"/geelooy/games/scribe-journey/js/data/expansion_555.js","from":"geelooy/games/scribe-journey/js/data/bestiary/index.js","resolvedFile":"/geelooy/games/scribe-journey/js/data/expansion_555.js","key":"geelooy/games/scribe-journey/js/data/expansion_555.js"}
[T+8511ms] [MerkavaModule:done] {"key":"geelooy/games/scribe-journey/js/data/expansion_555.js","exports":["features555Items","features555Beasts","features555Maps"]}
[T+8511ms] [MerkavaModule:start] {"file":"/geelooy/games/scribe-journey/js/data/bestiary/evolved.js","from":"geelooy/games/scribe-journey/js/data/bestiary/index.js","resolvedFile":"/geelooy/games/scribe-journey/js/data/bestiary/evolved.js","key":"geelooy/games/scribe-journey/js/data/bestiary/evolved.js"}
[T+8511ms] [MerkavaModule:start] {"file":"/geelooy/games/scribe-journey/js/data/bestiary/evolved.js","from":"geelooy/games/scribe-journey/js/data/bestiary/index.js","resolvedFile":"/geelooy/games/scribe-journey/js/data/bestiary/evolved.js","key":"geelooy/games/scribe-journey/js/data/bestiary/evolved.js"}
[T+8514ms] [MerkavaModule:done] {"key":"geelooy/games/scribe-journey/js/data/bestiary/evolved.js","exports":["evolvedBeasts"]}
[T+8514ms] [MerkavaModule:start] {"file":"/geelooy/games/scribe-journey/js/data/bestiary/the_66.js","from":"geelooy/games/scribe-journey/js/data/bestiary/index.js","resolvedFile":"/geelooy/games/scribe-journey/js/data/bestiary/the_66.js","key":"geelooy/games/scribe-journey/js/data/bestiary/the_66.js"}
[T+8514ms] [MerkavaModule:start] {"file":"/geelooy/games/scribe-journey/js/data/bestiary/the_66.js","from":"geelooy/games/scribe-journey/js/data/bestiary/index.js","resolvedFile":"/geelooy/games/scribe-journey/js/data/bestiary/the_66.js","key":"geelooy/games/scribe-journey/js/data/bestiary/the_66.js"}
[T+8520ms] [MerkavaModule:done] {"key":"geelooy/games/scribe-journey/js/data/bestiary/the_66.js","exports":["the66"]}
[T+8520ms] [MerkavaModule:start] {"file":"/geelooy/games/scribe-journey/js/data/bestiary/digital.js","from":"geelooy/games/scribe-journey/js/data/bestiary/index.js","resolvedFile":"/geelooy/games/scribe-journey/js/data/bestiary/digital.js","key":"geelooy/games/scribe-journey/js/data/bestiary/digital.js"}
[T+8520ms] [MerkavaModule:start] {"file":"/geelooy/games/scribe-journey/js/data/bestiary/digital.js","from":"geelooy/games/scribe-journey/js/data/bestiary/index.js","resolvedFile":"/geelooy/games/scribe-journey/js/data/bestiary/digital.js","key":"geelooy/games/scribe-journey/js/data/bestiary/digital.js"}
[T+8523ms] [MerkavaModule:done] {"key":"geelooy/games/scribe-journey/js/data/bestiary/digital.js","exports":["digitalBeasts"]}
[T+8534ms] [MerkavaModule:done] {"key":"geelooy/games/scribe-journey/js/data/bestiary/index.js","exports":["musagim"]}
[T+8535ms] [MerkavaModule:done] {"key":"geelooy/games/scribe-journey/js/data/musagim.js","exports":["musagim"]}
[T+8536ms] [MerkavaModule:start] {"file":"/geelooy/games/scribe-journey/js/data/moves.js","from":"geelooy/games/scribe-journey/js/data/database.js","resolvedFile":"/geelooy/games/scribe-journey/js/data/moves.js","key":"geelooy/games/scribe-journey/js/data/moves.js"}
[T+8536ms] [MerkavaModule:start] {"file":"/geelooy/games/scribe-journey/js/data/moves.js","from":"geelooy/games/scribe-journey/js/data/database.js","resolvedFile":"/geelooy/games/scribe-journey/js/data/moves.js","key":"geelooy/games/scribe-journey/js/data/moves.js"}
[T+8537ms] [MerkavaModule:start] {"file":"/geelooy/games/scribe-journey/js/data/moves/physical.js","from":"geelooy/games/scribe-journey/js/data/moves.js","resolvedFile":"/geelooy/games/scribe-journey/js/data/moves/physical.js","key":"geelooy/games/scribe-journey/js/data/moves/physical.js"}
[T+8537ms] [MerkavaModule:start] {"file":"/geelooy/games/scribe-journey/js/data/moves/physical.js","from":"geelooy/games/scribe-journey/js/data/moves.js","resolvedFile":"/geelooy/games/scribe-journey/js/data/moves/physical.js","key":"geelooy/games/scribe-journey/js/data/moves/physical.js"}
[T+8538ms] [MerkavaModule:done] {"key":"geelooy/games/scribe-journey/js/data/moves/physical.js","exports":["physicalMoves"]}
[T+8539ms] [MerkavaModule:start] {"file":"/geelooy/games/scribe-journey/js/data/moves/mystical.js","from":"geelooy/games/scribe-journey/js/data/moves.js","resolvedFile":"/geelooy/games/scribe-journey/js/data/moves/mystical.js","key":"geelooy/games/scribe-journey/js/data/moves/mystical.js"}
[T+8539ms] [MerkavaModule:start] {"file":"/geelooy/games/scribe-journey/js/data/moves/mystical.js","from":"geelooy/games/scribe-journey/js/data/moves.js","resolvedFile":"/geelooy/games/scribe-journey/js/data/moves/mystical.js","key":"geelooy/games/scribe-journey/js/data/moves/mystical.js"}
[T+8541ms] [MerkavaModule:done] {"key":"geelooy/games/scribe-journey/js/data/moves/mystical.js","exports":["mysticalMoves"]}
[T+8541ms] [MerkavaModule:start] {"file":"/geelooy/games/scribe-journey/js/data/moves/amalek_moves.js","from":"geelooy/games/scribe-journey/js/data/moves.js","resolvedFile":"/geelooy/games/scribe-journey/js/data/moves/amalek_moves.js","key":"geelooy/games/scribe-journey/js/data/moves/amalek_moves.js"}
[T+8541ms] [MerkavaModule:start] {"file":"/geelooy/games/scribe-journey/js/data/moves/amalek_moves.js","from":"geelooy/games/scribe-journey/js/data/moves.js","resolvedFile":"/geelooy/games/scribe-journey/js/data/moves/amalek_moves.js","key":"geelooy/games/scribe-journey/js/data/moves/amalek_moves.js"}
[T+8543ms] [MerkavaModule:done] {"key":"geelooy/games/scribe-journey/js/data/moves/amalek_moves.js","exports":["amalekMoves"]}
[T+8543ms] [MerkavaModule:start] {"file":"/geelooy/games/scribe-journey/js/data/moves/expansion_moves.js","from":"geelooy/games/scribe-journey/js/data/moves.js","resolvedFile":"/geelooy/games/scribe-journey/js/data/moves/expansion_moves.js","key":"geelooy/games/scribe-journey/js/data/moves/expansion_moves.js"}
[T+8543ms] [MerkavaModule:start] {"file":"/geelooy/games/scribe-journey/js/data/moves/expansion_moves.js","from":"geelooy/games/scribe-journey/js/data/moves.js","resolvedFile":"/geelooy/games/scribe-journey/js/data/moves/expansion_moves.js","key":"geelooy/games/scribe-journey/js/data/moves/expansion_moves.js"}
[T+8545ms] [MerkavaModule:done] {"key":"geelooy/games/scribe-journey/js/data/moves/expansion_moves.js","exports":["expansionMoves"]}
[T+8545ms] [MerkavaModule:start] {"file":"/geelooy/games/scribe-journey/js/data/moves/letters.js","from":"geelooy/games/scribe-journey/js/data/moves.js","resolvedFile":"/geelooy/games/scribe-journey/js/data/moves/letters.js","key":"geelooy/games/scribe-journey/js/data/moves/letters.js"}
[T+8546ms] [MerkavaModule:start] {"file":"/geelooy/games/scribe-journey/js/data/moves/letters.js","from":"geelooy/games/scribe-journey/js/data/moves.js","resolvedFile":"/geelooy/games/scribe-journey/js/data/moves/letters.js","key":"geelooy/games/scribe-journey/js/data/moves/letters.js"}
[T+8547ms] [MerkavaModule:done] {"key":"geelooy/games/scribe-journey/js/data/moves/letters.js","exports":["letterMoves"]}
[T+8548ms] [MerkavaModule:start] {"file":"/geelooy/games/scribe-journey/js/data/moves/the_66_moves.js","from":"geelooy/games/scribe-journey/js/data/moves.js","resolvedFile":"/geelooy/games/scribe-journey/js/data/moves/the_66_moves.js","key":"geelooy/games/scribe-journey/js/data/moves/the_66_moves.js"}
[T+8548ms] [MerkavaModule:start] {"file":"/geelooy/games/scribe-journey/js/data/moves/the_66_moves.js","from":"geelooy/games/scribe-journey/js/data/moves.js","resolvedFile":"/geelooy/games/scribe-journey/js/data/moves/the_66_moves.js","key":"geelooy/games/scribe-journey/js/data/moves/the_66_moves.js"}
[T+8551ms] [MerkavaModule:done] {"key":"geelooy/games/scribe-journey/js/data/moves/the_66_moves.js","exports":["moves66"]}
[T+8551ms] [MerkavaModule:start] {"file":"/geelooy/games/scribe-journey/js/data/moves/digital_moves.js","from":"geelooy/games/scribe-journey/js/data/moves.js","resolvedFile":"/geelooy/games/scribe-journey/js/data/moves/digital_moves.js","key":"geelooy/games/scribe-journey/js/data/moves/digital_moves.js"}
[T+8551ms] [MerkavaModule:start] {"file":"/geelooy/games/scribe-journey/js/data/moves/digital_moves.js","from":"geelooy/games/scribe-journey/js/data/moves.js","resolvedFile":"/geelooy/games/scribe-journey/js/data/moves/digital_moves.js","key":"geelooy/games/scribe-journey/js/data/moves/digital_moves.js"}
[T+8553ms] [MerkavaModule:done] {"key":"geelooy/games/scribe-journey/js/data/moves/digital_moves.js","exports":["digitalMoves"]}
[T+8555ms] [MerkavaModule:done] {"key":"geelooy/games/scribe-journey/js/data/moves.js","exports":["moves"]}
[T+8555ms] [MerkavaModule:start] {"file":"/geelooy/games/scribe-journey/js/data/items.js","from":"geelooy/games/scribe-journey/js/data/database.js","resolvedFile":"/geelooy/games/scribe-journey/js/data/items.js","key":"geelooy/games/scribe-journey/js/data/items.js"}
[T+8555ms] [MerkavaModule:start] {"file":"/geelooy/games/scribe-journey/js/data/items.js","from":"geelooy/games/scribe-journey/js/data/database.js","resolvedFile":"/geelooy/games/scribe-journey/js/data/items.js","key":"geelooy/games/scribe-journey/js/data/items.js"}
[T+8557ms] [MerkavaModule:start] {"file":"/geelooy/games/scribe-journey/js/data/items/consumables.js","from":"geelooy/games/scribe-journey/js/data/items.js","resolvedFile":"/geelooy/games/scribe-journey/js/data/items/consumables.js","key":"geelooy/games/scribe-journey/js/data/items/consumables.js"}
[T+8557ms] [MerkavaModule:start] {"file":"/geelooy/games/scribe-journey/js/data/items/consumables.js","from":"geelooy/games/scribe-journey/js/data/items.js","resolvedFile":"/geelooy/games/scribe-journey/js/data/items/consumables.js","key":"geelooy/games/scribe-journey/js/data/items/consumables.js"}
[T+8559ms] [MerkavaModule:done] {"key":"geelooy/games/scribe-journey/js/data/items/consumables.js","exports":["consumables"]}
[T+8559ms] [MerkavaModule:start] {"file":"/geelooy/games/scribe-journey/js/data/items/kelim.js","from":"geelooy/games/scribe-journey/js/data/items.js","resolvedFile":"/geelooy/games/scribe-journey/js/data/items/kelim.js","key":"geelooy/games/scribe-journey/js/data/items/kelim.js"}
[T+8559ms] [MerkavaModule:start] {"file":"/geelooy/games/scribe-journey/js/data/items/kelim.js","from":"geelooy/games/scribe-journey/js/data/items.js","resolvedFile":"/geelooy/games/scribe-journey/js/data/items/kelim.js","key":"geelooy/games/scribe-journey/js/data/items/kelim.js"}
[T+8561ms] [MerkavaModule:done] {"key":"geelooy/games/scribe-journey/js/data/items/kelim.js","exports":["kelim"]}
[T+8561ms] [MerkavaModule:start] {"file":"/geelooy/games/scribe-journey/js/data/items/tomes.js","from":"geelooy/games/scribe-journey/js/data/items.js","resolvedFile":"/geelooy/games/scribe-journey/js/data/items/tomes.js","key":"geelooy/games/scribe-journey/js/data/items/tomes.js"}
[T+8561ms] [MerkavaModule:start] {"file":"/geelooy/games/scribe-journey/js/data/items/tomes.js","from":"geelooy/games/scribe-journey/js/data/items.js","resolvedFile":"/geelooy/games/scribe-journey/js/data/items/tomes.js","key":"geelooy/games/scribe-journey/js/data/items/tomes.js"}
[T+8563ms] [MerkavaModule:done] {"key":"geelooy/games/scribe-journey/js/data/items/tomes.js","exports":["tomes"]}
[T+8563ms] [MerkavaModule:start] {"file":"/geelooy/games/scribe-journey/js/data/items/quest_items.js","from":"geelooy/games/scribe-journey/js/data/items.js","resolvedFile":"/geelooy/games/scribe-journey/js/data/items/quest_items.js","key":"geelooy/games/scribe-journey/js/data/items/quest_items.js"}
[T+8563ms] [MerkavaModule:start] {"file":"/geelooy/games/scribe-journey/js/data/items/quest_items.js","from":"geelooy/games/scribe-journey/js/data/items.js","resolvedFile":"/geelooy/games/scribe-journey/js/data/items/quest_items.js","key":"geelooy/games/scribe-journey/js/data/items/quest_items.js"}
[T+8565ms] [MerkavaModule:done] {"key":"geelooy/games/scribe-journey/js/data/items/quest_items.js","exports":["questItems"]}
[T+8566ms] [MerkavaModule:start] {"file":"/geelooy/games/scribe-journey/js/data/items/artifacts.js","from":"geelooy/games/scribe-journey/js/data/items.js","resolvedFile":"/geelooy/games/scribe-journey/js/data/items/artifacts.js","key":"geelooy/games/scribe-journey/js/data/items/artifacts.js"}
[T+8566ms] [MerkavaModule:start] {"file":"/geelooy/games/scribe-journey/js/data/items/artifacts.js","from":"geelooy/games/scribe-journey/js/data/items.js","resolvedFile":"/geelooy/games/scribe-journey/js/data/items/artifacts.js","key":"geelooy/games/scribe-journey/js/data/items/artifacts.js"}
[T+8567ms] [MerkavaModule:done] {"key":"geelooy/games/scribe-journey/js/data/items/artifacts.js","exports":["artifacts"]}
[T+8568ms] [MerkavaModule:start] {"file":"/geelooy/games/scribe-journey/js/data/items/holiday_items.js","from":"geelooy/games/scribe-journey/js/data/items.js","resolvedFile":"/geelooy/games/scribe-journey/js/data/items/holiday_items.js","key":"geelooy/games/scribe-journey/js/data/items/holiday_items.js"}
[T+8568ms] [MerkavaModule:start] {"file":"/geelooy/games/scribe-journey/js/data/items/holiday_items.js","from":"geelooy/games/scribe-journey/js/data/items.js","resolvedFile":"/geelooy/games/scribe-journey/js/data/items/holiday_items.js","key":"geelooy/games/scribe-journey/js/data/items/holiday_items.js"}
[T+8570ms] [MerkavaModule:done] {"key":"geelooy/games/scribe-journey/js/data/items/holiday_items.js","exports":["holidayItems"]}
[T+8570ms] [MerkavaModule:start] {"file":"/geelooy/games/scribe-journey/js/data/items/sechirut_items.js","from":"geelooy/games/scribe-journey/js/data/items.js","resolvedFile":"/geelooy/games/scribe-journey/js/data/items/sechirut_items.js","key":"geelooy/games/scribe-journey/js/data/items/sechirut_items.js"}
[T+8570ms] [MerkavaModule:start] {"file":"/geelooy/games/scribe-journey/js/data/items/sechirut_items.js","from":"geelooy/games/scribe-journey/js/data/items.js","resolvedFile":"/geelooy/games/scribe-journey/js/data/items/sechirut_items.js","key":"geelooy/games/scribe-journey/js/data/items/sechirut_items.js"}
[T+8571ms] [MerkavaModule:done] {"key":"geelooy/games/scribe-journey/js/data/items/sechirut_items.js","exports":["sechirutItems"]}
[T+8572ms] [MerkavaModule:start] {"file":"/geelooy/games/scribe-journey/js/data/items/yud_tet_items.js","from":"geelooy/games/scribe-journey/js/data/items.js","resolvedFile":"/geelooy/games/scribe-journey/js/data/items/yud_tet_items.js","key":"geelooy/games/scribe-journey/js/data/items/yud_tet_items.js"}
[T+8572ms] [MerkavaModule:start] {"file":"/geelooy/games/scribe-journey/js/data/items/yud_tet_items.js","from":"geelooy/games/scribe-journey/js/data/items.js","resolvedFile":"/geelooy/games/scribe-journey/js/data/items/yud_tet_items.js","key":"geelooy/games/scribe-journey/js/data/items/yud_tet_items.js"}
[T+8573ms] [MerkavaModule:done] {"key":"geelooy/games/scribe-journey/js/data/items/yud_tet_items.js","exports":["yudTetItems"]}
[T+8574ms] [MerkavaModule:start] {"file":"/geelooy/games/scribe-journey/js/data/items/maamar_items.js","from":"geelooy/games/scribe-journey/js/data/items.js","resolvedFile":"/geelooy/games/scribe-journey/js/data/items/maamar_items.js","key":"geelooy/games/scribe-journey/js/data/items/maamar_items.js"}
[T+8574ms] [MerkavaModule:start] {"file":"/geelooy/games/scribe-journey/js/data/items/maamar_items.js","from":"geelooy/games/scribe-journey/js/data/items.js","resolvedFile":"/geelooy/games/scribe-journey/js/data/items/maamar_items.js","key":"geelooy/games/scribe-journey/js/data/items/maamar_items.js"}
[T+8576ms] [MerkavaModule:done] {"key":"geelooy/games/scribe-journey/js/data/items/maamar_items.js","exports":["maamarItems"]}
[T+8576ms] [MerkavaModule:start] {"file":"/geelooy/games/scribe-journey/js/data/items/tanya_items.js","from":"geelooy/games/scribe-journey/js/data/items.js","resolvedFile":"/geelooy/games/scribe-journey/js/data/items/tanya_items.js","key":"geelooy/games/scribe-journey/js/data/items/tanya_items.js"}
[T+8576ms] [MerkavaModule:start] {"file":"/geelooy/games/scribe-journey/js/data/items/tanya_items.js","from":"geelooy/games/scribe-journey/js/data/items.js","resolvedFile":"/geelooy/games/scribe-journey/js/data/items/tanya_items.js","key":"geelooy/games/scribe-journey/js/data/items/tanya_items.js"}
[T+8578ms] [MerkavaModule:done] {"key":"geelooy/games/scribe-journey/js/data/items/tanya_items.js","exports":["tanyaItems"]}
[T+8578ms] [MerkavaModule:start] {"file":"/geelooy/games/scribe-journey/js/data/items/tribe_items.js","from":"geelooy/games/scribe-journey/js/data/items.js","resolvedFile":"/geelooy/games/scribe-journey/js/data/items/tribe_items.js","key":"geelooy/games/scribe-journey/js/data/items/tribe_items.js"}
[T+8578ms] [MerkavaModule:start] {"file":"/geelooy/games/scribe-journey/js/data/items/tribe_items.js","from":"geelooy/games/scribe-journey/js/data/items.js","resolvedFile":"/geelooy/games/scribe-journey/js/data/items/tribe_items.js","key":"geelooy/games/scribe-journey/js/data/items/tribe_items.js"}
[T+8580ms] [MerkavaModule:done] {"key":"geelooy/games/scribe-journey/js/data/items/tribe_items.js","exports":["tribeItems"]}
[T+8580ms] [MerkavaModule:start] {"file":"/geelooy/games/scribe-journey/js/data/items/library_items.js","from":"geelooy/games/scribe-journey/js/data/items.js","resolvedFile":"/geelooy/games/scribe-journey/js/data/items/library_items.js","key":"geelooy/games/scribe-journey/js/data/items/library_items.js"}
[T+8580ms] [MerkavaModule:start] {"file":"/geelooy/games/scribe-journey/js/data/items/library_items.js","from":"geelooy/games/scribe-journey/js/data/items.js","resolvedFile":"/geelooy/games/scribe-journey/js/data/items/library_items.js","key":"geelooy/games/scribe-journey/js/data/items/library_items.js"}
[T+8583ms] [MerkavaModule:done] {"key":"geelooy/games/scribe-journey/js/data/items/library_items.js","exports":["libraryItems"]}
[T+8584ms] [MerkavaModule:start] {"file":"/geelooy/games/scribe-journey/js/data/items/mivtzoim_items.js","from":"geelooy/games/scribe-journey/js/data/items.js","resolvedFile":"/geelooy/games/scribe-journey/js/data/items/mivtzoim_items.js","key":"geelooy/games/scribe-journey/js/data/items/mivtzoim_items.js"}
[T+8584ms] [MerkavaModule:start] {"file":"/geelooy/games/scribe-journey/js/data/items/mivtzoim_items.js","from":"geelooy/games/scribe-journey/js/data/items.js","resolvedFile":"/geelooy/games/scribe-journey/js/data/items/mivtzoim_items.js","key":"geelooy/games/scribe-journey/js/data/items/mivtzoim_items.js"}
[T+8585ms] [MerkavaModule:done] {"key":"geelooy/games/scribe-journey/js/data/items/mivtzoim_items.js","exports":["mivtzoimItems"]}
[T+8586ms] [MerkavaModule:start] {"file":"/geelooy/games/scribe-journey/js/data/items/gan_eden_items.js","from":"geelooy/games/scribe-journey/js/data/items.js","resolvedFile":"/geelooy/games/scribe-journey/js/data/items/gan_eden_items.js","key":"geelooy/games/scribe-journey/js/data/items/gan_eden_items.js"}
[T+8586ms] [MerkavaModule:start] {"file":"/geelooy/games/scribe-journey/js/data/items/gan_eden_items.js","from":"geelooy/games/scribe-journey/js/data/items.js","resolvedFile":"/geelooy/games/scribe-journey/js/data/items/gan_eden_items.js","key":"geelooy/games/scribe-journey/js/data/items/gan_eden_items.js"}
[T+8588ms] [MerkavaModule:done] {"key":"geelooy/games/scribe-journey/js/data/items/gan_eden_items.js","exports":["ganEdenItems"]}
[T+8588ms] [MerkavaModule:start] {"file":"/geelooy/games/scribe-journey/js/data/items/gehinnom_items.js","from":"geelooy/games/scribe-journey/js/data/items.js","resolvedFile":"/geelooy/games/scribe-journey/js/data/items/gehinnom_items.js","key":"geelooy/games/scribe-journey/js/data/items/gehinnom_items.js"}
[T+8588ms] [MerkavaModule:start] {"file":"/geelooy/games/scribe-journey/js/data/items/gehinnom_items.js","from":"geelooy/games/scribe-journey/js/data/items.js","resolvedFile":"/geelooy/games/scribe-journey/js/data/items/gehinnom_items.js","key":"geelooy/games/scribe-journey/js/data/items/gehinnom_items.js"}
[T+8590ms] [MerkavaModule:done] {"key":"geelooy/games/scribe-journey/js/data/items/gehinnom_items.js","exports":["gehinnomItems"]}
[T+8590ms] [MerkavaModule:start] {"file":"/geelooy/games/scribe-journey/js/data/items/food_items.js","from":"geelooy/games/scribe-journey/js/data/items.js","resolvedFile":"/geelooy/games/scribe-journey/js/data/items/food_items.js","key":"geelooy/games/scribe-journey/js/data/items/food_items.js"}
[T+8590ms] [MerkavaModule:start] {"file":"/geelooy/games/scribe-journey/js/data/items/food_items.js","from":"geelooy/games/scribe-journey/js/data/items.js","resolvedFile":"/geelooy/games/scribe-journey/js/data/items/food_items.js","key":"geelooy/games/scribe-journey/js/data/items/food_items.js"}
[T+8594ms] [MerkavaModule:done] {"key":"geelooy/games/scribe-journey/js/data/items/food_items.js","exports":["foodItems"]}
[T+8594ms] [MerkavaModule:start] {"file":"/geelooy/games/scribe-journey/js/data/items/judaica_items.js","from":"geelooy/games/scribe-journey/js/data/items.js","resolvedFile":"/geelooy/games/scribe-journey/js/data/items/judaica_items.js","key":"geelooy/games/scribe-journey/js/data/items/judaica_items.js"}
[T+8594ms] [MerkavaModule:start] {"file":"/geelooy/games/scribe-journey/js/data/items/judaica_items.js","from":"geelooy/games/scribe-journey/js/data/items.js","resolvedFile":"/geelooy/games/scribe-journey/js/data/items/judaica_items.js","key":"geelooy/games/scribe-journey/js/data/items/judaica_items.js"}
[T+8596ms] [MerkavaModule:done] {"key":"geelooy/games/scribe-journey/js/data/items/judaica_items.js","exports":["judaicaItems"]}
[T+8596ms] [MerkavaModule:start] {"file":"/geelooy/games/scribe-journey/js/data/items/midbar_items.js","from":"geelooy/games/scribe-journey/js/data/items.js","resolvedFile":"/geelooy/games/scribe-journey/js/data/items/midbar_items.js","key":"geelooy/games/scribe-journey/js/data/items/midbar_items.js"}
[T+8596ms] [MerkavaModule:start] {"file":"/geelooy/games/scribe-journey/js/data/items/midbar_items.js","from":"geelooy/games/scribe-journey/js/data/items.js","resolvedFile":"/geelooy/games/scribe-journey/js/data/items/midbar_items.js","key":"geelooy/games/scribe-journey/js/data/items/midbar_items.js"}
[T+8598ms] [MerkavaModule:done] {"key":"geelooy/games/scribe-journey/js/data/items/midbar_items.js","exports":["midbarItems"]}
[T+8598ms] [MerkavaModule:start] {"file":"/geelooy/games/scribe-journey/js/data/items/expansion_items.js","from":"geelooy/games/scribe-journey/js/data/items.js","resolvedFile":"/geelooy/games/scribe-journey/js/data/items/expansion_items.js","key":"geelooy/games/scribe-journey/js/data/items/expansion_items.js"}
[T+8598ms] [MerkavaModule:start] {"file":"/geelooy/games/scribe-journey/js/data/items/expansion_items.js","from":"geelooy/games/scribe-journey/js/data/items.js","resolvedFile":"/geelooy/games/scribe-journey/js/data/items/expansion_items.js","key":"geelooy/games/scribe-journey/js/data/items/expansion_items.js"}
[T+8600ms] [MerkavaModule:done] {"key":"geelooy/games/scribe-journey/js/data/items/expansion_items.js","exports":["expansionItems"]}
[T+8601ms] [MerkavaModule:start] {"file":"/geelooy/games/scribe-journey/js/data/items/taryag_items.js","from":"geelooy/games/scribe-journey/js/data/items.js","resolvedFile":"/geelooy/games/scribe-journey/js/data/items/taryag_items.js","key":"geelooy/games/scribe-journey/js/data/items/taryag_items.js"}
[T+8601ms] [MerkavaModule:start] {"file":"/geelooy/games/scribe-journey/js/data/items/taryag_items.js","from":"geelooy/games/scribe-journey/js/data/items.js","resolvedFile":"/geelooy/games/scribe-journey/js/data/items/taryag_items.js","key":"geelooy/games/scribe-journey/js/data/items/taryag_items.js"}
[T+8603ms] [MerkavaModule:done] {"key":"geelooy/games/scribe-journey/js/data/items/taryag_items.js","exports":["taryagItems"]}
[T+8603ms] [MerkavaModule:start] {"file":"/geelooy/games/scribe-journey/js/data/library/sparks.js","from":"geelooy/games/scribe-journey/js/data/items.js","resolvedFile":"/geelooy/games/scribe-journey/js/data/library/sparks.js","key":"geelooy/games/scribe-journey/js/data/library/sparks.js"}
[T+8603ms] [MerkavaModule:start] {"file":"/geelooy/games/scribe-journey/js/data/library/sparks.js","from":"geelooy/games/scribe-journey/js/data/items.js","resolvedFile":"/geelooy/games/scribe-journey/js/data/library/sparks.js","key":"geelooy/games/scribe-journey/js/data/library/sparks.js"}
[T+9144ms] [MerkavaModule:done] {"key":"geelooy/games/scribe-journey/js/data/library/sparks.js","exports":["sparksList","generateSparks"]}
[T+9145ms] [MerkavaModule:start] {"file":"/geelooy/games/scribe-journey/js/data/items/clothing.js","from":"geelooy/games/scribe-journey/js/data/items.js","resolvedFile":"/geelooy/games/scribe-journey/js/data/items/clothing.js","key":"geelooy/games/scribe-journey/js/data/items/clothing.js"}
[T+9145ms] [MerkavaModule:start] {"file":"/geelooy/games/scribe-journey/js/data/items/clothing.js","from":"geelooy/games/scribe-journey/js/data/items.js","resolvedFile":"/geelooy/games/scribe-journey/js/data/items/clothing.js","key":"geelooy/games/scribe-journey/js/data/items/clothing.js"}
[T+9147ms] [MerkavaModule:done] {"key":"geelooy/games/scribe-journey/js/data/items/clothing.js","exports":["clothing"]}
[T+9147ms] [MerkavaModule:start] {"file":"/geelooy/games/scribe-journey/js/data/items/ingredients.js","from":"geelooy/games/scribe-journey/js/data/items.js","resolvedFile":"/geelooy/games/scribe-journey/js/data/items/ingredients.js","key":"geelooy/games/scribe-journey/js/data/items/ingredients.js"}
[T+9147ms] [MerkavaModule:start] {"file":"/geelooy/games/scribe-journey/js/data/items/ingredients.js","from":"geelooy/games/scribe-journey/js/data/items.js","resolvedFile":"/geelooy/games/scribe-journey/js/data/items/ingredients.js","key":"geelooy/games/scribe-journey/js/data/items/ingredients.js"}
[T+9149ms] [MerkavaModule:done] {"key":"geelooy/games/scribe-journey/js/data/items/ingredients.js","exports":["ingredients"]}
[T+9149ms] [MerkavaModule:start] {"file":"/geelooy/games/scribe-journey/js/data/gates_features.js","from":"geelooy/games/scribe-journey/js/data/items.js","resolvedFile":"/geelooy/games/scribe-journey/js/data/gates_features.js","key":"geelooy/games/scribe-journey/js/data/gates_features.js"}
[T+9149ms] [MerkavaModule:start] {"file":"/geelooy/games/scribe-journey/js/data/gates_features.js","from":"geelooy/games/scribe-journey/js/data/items.js","resolvedFile":"/geelooy/games/scribe-journey/js/data/gates_features.js","key":"geelooy/games/scribe-journey/js/data/gates_features.js"}
[T+9153ms] [MerkavaModule:done] {"key":"geelooy/games/scribe-journey/js/data/gates_features.js","exports":["gates","gateItems"]}
[T+9154ms] [MerkavaModule:start] {"file":"/geelooy/games/scribe-journey/js/data/chanukah_massive.js","from":"geelooy/games/scribe-journey/js/data/items.js","resolvedFile":"/geelooy/games/scribe-journey/js/data/chanukah_massive.js","key":"geelooy/games/scribe-journey/js/data/chanukah_massive.js"}
[T+9154ms] [MerkavaModule:start] {"file":"/geelooy/games/scribe-journey/js/data/chanukah_massive.js","from":"geelooy/games/scribe-journey/js/data/items.js","resolvedFile":"/geelooy/games/scribe-journey/js/data/chanukah_massive.js","key":"geelooy/games/scribe-journey/js/data/chanukah_massive.js"}
[T+9582ms] [MerkavaModule:done] {"key":"geelooy/games/scribe-journey/js/data/chanukah_massive.js","exports":["chanukahItems","chanukahBeasts","chanukahMaps"]}
[T+9582ms] [MerkavaModule:start] {"file":"/geelooy/games/scribe-journey/js/data/items/digital_items.js","from":"geelooy/games/scribe-journey/js/data/items.js","resolvedFile":"/geelooy/games/scribe-journey/js/data/items/digital_items.js","key":"geelooy/games/scribe-journey/js/data/items/digital_items.js"}
[T+9582ms] [MerkavaModule:start] {"file":"/geelooy/games/scribe-journey/js/data/items/digital_items.js","from":"geelooy/games/scribe-journey/js/data/items.js","resolvedFile":"/geelooy/games/scribe-journey/js/data/items/digital_items.js","key":"geelooy/games/scribe-journey/js/data/items/digital_items.js"}
[T+9585ms] [MerkavaModule:done] {"key":"geelooy/games/scribe-journey/js/data/items/digital_items.js","exports":["digitalItems"]}
[T+9585ms] [MerkavaModule:start] {"file":"/geelooy/games/scribe-journey/js/data/items/eats_33.js","from":"geelooy/games/scribe-journey/js/data/items.js","resolvedFile":"/geelooy/games/scribe-journey/js/data/items/eats_33.js","key":"geelooy/games/scribe-journey/js/data/items/eats_33.js"}
[T+9586ms] [MerkavaModule:start] {"file":"/geelooy/games/scribe-journey/js/data/items/eats_33.js","from":"geelooy/games/scribe-journey/js/data/items.js","resolvedFile":"/geelooy/games/scribe-journey/js/data/items/eats_33.js","key":"geelooy/games/scribe-journey/js/data/items/eats_33.js"}
[T+9593ms] [MerkavaModule:done] {"key":"geelooy/games/scribe-journey/js/data/items/eats_33.js","exports":["eats33"]}
[T+9643ms] [MerkavaModule:done] {"key":"geelooy/games/scribe-journey/js/data/items.js","exports":["items"]}
[T+9644ms] [MerkavaModule:start] {"file":"/geelooy/games/scribe-journey/js/data/quests.js","from":"geelooy/games/scribe-journey/js/data/database.js","resolvedFile":"/geelooy/games/scribe-journey/js/data/quests.js","key":"geelooy/games/scribe-journey/js/data/quests.js"}
[T+9644ms] [MerkavaModule:start] {"file":"/geelooy/games/scribe-journey/js/data/quests.js","from":"geelooy/games/scribe-journey/js/data/database.js","resolvedFile":"/geelooy/games/scribe-journey/js/data/quests.js","key":"geelooy/games/scribe-journey/js/data/quests.js"}
[T+9646ms] [MerkavaModule:start] {"file":"/geelooy/games/scribe-journey/js/data/quests/main_story.js","from":"geelooy/games/scribe-journey/js/data/quests.js","resolvedFile":"/geelooy/games/scribe-journey/js/data/quests/main_story.js","key":"geelooy/games/scribe-journey/js/data/quests/main_story.js"}
[T+9646ms] [MerkavaModule:start] {"file":"/geelooy/games/scribe-journey/js/data/quests/main_story.js","from":"geelooy/games/scribe-journey/js/data/quests.js","resolvedFile":"/geelooy/games/scribe-journey/js/data/quests/main_story.js","key":"geelooy/games/scribe-journey/js/data/quests/main_story.js"}
[T+9648ms] [MerkavaModule:done] {"key":"geelooy/games/scribe-journey/js/data/quests/main_story.js","exports":["mainStoryQuests"]}
[T+9648ms] [MerkavaModule:start] {"file":"/geelooy/games/scribe-journey/js/data/quests/tractate_nezikin.js","from":"geelooy/games/scribe-journey/js/data/quests.js","resolvedFile":"/geelooy/games/scribe-journey/js/data/quests/tractate_nezikin.js","key":"geelooy/games/scribe-journey/js/data/quests/tractate_nezikin.js"}
[T+9649ms] [MerkavaModule:start] {"file":"/geelooy/games/scribe-journey/js/data/quests/tractate_nezikin.js","from":"geelooy/games/scribe-journey/js/data/quests.js","resolvedFile":"/geelooy/games/scribe-journey/js/data/quests/tractate_nezikin.js","key":"geelooy/games/scribe-journey/js/data/quests/tractate_nezikin.js"}
[T+9651ms] [MerkavaModule:done] {"key":"geelooy/games/scribe-journey/js/data/quests/tractate_nezikin.js","exports":["nezikinQuests"]}
[T+9651ms] [MerkavaModule:start] {"file":"/geelooy/games/scribe-journey/js/data/quests/tractate_moed.js","from":"geelooy/games/scribe-journey/js/data/quests.js","resolvedFile":"/geelooy/games/scribe-journey/js/data/quests/tractate_moed.js","key":"geelooy/games/scribe-journey/js/data/quests/tractate_moed.js"}
[T+9651ms] [MerkavaModule:start] {"file":"/geelooy/games/scribe-journey/js/data/quests/tractate_moed.js","from":"geelooy/games/scribe-journey/js/data/quests.js","resolvedFile":"/geelooy/games/scribe-journey/js/data/quests/tractate_moed.js","key":"geelooy/games/scribe-journey/js/data/quests/tractate_moed.js"}
[T+9654ms] [MerkavaModule:done] {"key":"geelooy/games/scribe-journey/js/data/quests/tractate_moed.js","exports":["moedQuests"]}
[T+9654ms] [MerkavaModule:start] {"file":"/geelooy/games/scribe-journey/js/data/quests/side_stories.js","from":"geelooy/games/scribe-journey/js/data/quests.js","resolvedFile":"/geelooy/games/scribe-journey/js/data/quests/side_stories.js","key":"geelooy/games/scribe-journey/js/data/quests/side_stories.js"}
[T+9654ms] [MerkavaModule:start] {"file":"/geelooy/games/scribe-journey/js/data/quests/side_stories.js","from":"geelooy/games/scribe-journey/js/data/quests.js","resolvedFile":"/geelooy/games/scribe-journey/js/data/quests/side_stories.js","key":"geelooy/games/scribe-journey/js/data/quests/side_stories.js"}
[T+9659ms] [MerkavaModule:done] {"key":"geelooy/games/scribe-journey/js/data/quests/side_stories.js","exports":["sideQuests"]}
[T+9660ms] [MerkavaModule:start] {"file":"/geelooy/games/scribe-journey/js/data/quests/tractate_nashim.js","from":"geelooy/games/scribe-journey/js/data/quests.js","resolvedFile":"/geelooy/games/scribe-journey/js/data/quests/tractate_nashim.js","key":"geelooy/games/scribe-journey/js/data/quests/tractate_nashim.js"}
[T+9660ms] [MerkavaModule:start] {"file":"/geelooy/games/scribe-journey/js/data/quests/tractate_nashim.js","from":"geelooy/games/scribe-journey/js/data/quests.js","resolvedFile":"/geelooy/games/scribe-journey/js/data/quests/tractate_nashim.js","key":"geelooy/games/scribe-journey/js/data/quests/tractate_nashim.js"}
[T+9662ms] [MerkavaModule:done] {"key":"geelooy/games/scribe-journey/js/data/quests/tractate_nashim.js","exports":["nashimQuests"]}
[T+9662ms] [MerkavaModule:start] {"file":"/geelooy/games/scribe-journey/js/data/quests/tractate_kodashim.js","from":"geelooy/games/scribe-journey/js/data/quests.js","resolvedFile":"/geelooy/games/scribe-journey/js/data/quests/tractate_kodashim.js","key":"geelooy/games/scribe-journey/js/data/quests/tractate_kodashim.js"}
[T+9663ms] [MerkavaModule:start] {"file":"/geelooy/games/scribe-journey/js/data/quests/tractate_kodashim.js","from":"geelooy/games/scribe-journey/js/data/quests.js","resolvedFile":"/geelooy/games/scribe-journey/js/data/quests/tractate_kodashim.js","key":"geelooy/games/scribe-journey/js/data/quests/tractate_kodashim.js"}
[T+9665ms] [MerkavaModule:done] {"key":"geelooy/games/scribe-journey/js/data/quests/tractate_kodashim.js","exports":["kodashimQuests"]}
[T+9665ms] [MerkavaModule:start] {"file":"/geelooy/games/scribe-journey/js/data/quests/holiday_quests.js","from":"geelooy/games/scribe-journey/js/data/quests.js","resolvedFile":"/geelooy/games/scribe-journey/js/data/quests/holiday_quests.js","key":"geelooy/games/scribe-journey/js/data/quests/holiday_quests.js"}
[T+9665ms] [MerkavaModule:start] {"file":"/geelooy/games/scribe-journey/js/data/quests/holiday_quests.js","from":"geelooy/games/scribe-journey/js/data/quests.js","resolvedFile":"/geelooy/games/scribe-journey/js/data/quests/holiday_quests.js","key":"geelooy/games/scribe-journey/js/data/quests/holiday_quests.js"}
[T+9667ms] [MerkavaModule:done] {"key":"geelooy/games/scribe-journey/js/data/quests/holiday_quests.js","exports":["holidayQuests"]}
[T+9668ms] [MerkavaModule:start] {"file":"/geelooy/games/scribe-journey/js/data/quests/sechirut_quests.js","from":"geelooy/games/scribe-journey/js/data/quests.js","resolvedFile":"/geelooy/games/scribe-journey/js/data/quests/sechirut_quests.js","key":"geelooy/games/scribe-journey/js/data/quests/sechirut_quests.js"}
[T+9668ms] [MerkavaModule:start] {"file":"/geelooy/games/scribe-journey/js/data/quests/sechirut_quests.js","from":"geelooy/games/scribe-journey/js/data/quests.js","resolvedFile":"/geelooy/games/scribe-journey/js/data/quests/sechirut_quests.js","key":"geelooy/games/scribe-journey/js/data/quests/sechirut_quests.js"}
[T+9670ms] [MerkavaModule:done] {"key":"geelooy/games/scribe-journey/js/data/quests/sechirut_quests.js","exports":["sechirutQuests"]}
[T+9670ms] [MerkavaModule:start] {"file":"/geelooy/games/scribe-journey/js/data/quests/yud_tet_quests.js","from":"geelooy/games/scribe-journey/js/data/quests.js","resolvedFile":"/geelooy/games/scribe-journey/js/data/quests/yud_tet_quests.js","key":"geelooy/games/scribe-journey/js/data/quests/yud_tet_quests.js"}
[T+9670ms] [MerkavaModule:start] {"file":"/geelooy/games/scribe-journey/js/data/quests/yud_tet_quests.js","from":"geelooy/games/scribe-journey/js/data/quests.js","resolvedFile":"/geelooy/games/scribe-journey/js/data/quests/yud_tet_quests.js","key":"geelooy/games/scribe-journey/js/data/quests/yud_tet_quests.js"}
[T+9672ms] [MerkavaModule:done] {"key":"geelooy/games/scribe-journey/js/data/quests/yud_tet_quests.js","exports":["yudTetQuests"]}
[T+9672ms] [MerkavaModule:start] {"file":"/geelooy/games/scribe-journey/js/data/quests/daily.js","from":"geelooy/games/scribe-journey/js/data/quests.js","resolvedFile":"/geelooy/games/scribe-journey/js/data/quests/daily.js","key":"geelooy/games/scribe-journey/js/data/quests/daily.js"}
[T+9672ms] [MerkavaModule:start] {"file":"/geelooy/games/scribe-journey/js/data/quests/daily.js","from":"geelooy/games/scribe-journey/js/data/quests.js","resolvedFile":"/geelooy/games/scribe-journey/js/data/quests/daily.js","key":"geelooy/games/scribe-journey/js/data/quests/daily.js"}
[T+9674ms] [MerkavaModule:done] {"key":"geelooy/games/scribe-journey/js/data/quests/daily.js","exports":["generateDailyQuest"]}
[T+9674ms] [MerkavaModule:start] {"file":"/geelooy/games/scribe-journey/js/data/quests/maamar/matbea_quests.js","from":"geelooy/games/scribe-journey/js/data/quests.js","resolvedFile":"/geelooy/games/scribe-journey/js/data/quests/maamar/matbea_quests.js","key":"geelooy/games/scribe-journey/js/data/quests/maamar/matbea_quests.js"}
[T+9674ms] [MerkavaModule:start] {"file":"/geelooy/games/scribe-journey/js/data/quests/maamar/matbea_quests.js","from":"geelooy/games/scribe-journey/js/data/quests.js","resolvedFile":"/geelooy/games/scribe-journey/js/data/quests/maamar/matbea_quests.js","key":"geelooy/games/scribe-journey/js/data/quests/maamar/matbea_quests.js"}
[T+9676ms] [MerkavaModule:done] {"key":"geelooy/games/scribe-journey/js/data/quests/maamar/matbea_quests.js","exports":["matbeaQuests"]}
[T+9676ms] [MerkavaModule:start] {"file":"/geelooy/games/scribe-journey/js/data/quests/maamar/tvia_quests.js","from":"geelooy/games/scribe-journey/js/data/quests.js","resolvedFile":"/geelooy/games/scribe-journey/js/data/quests/maamar/tvia_quests.js","key":"geelooy/games/scribe-journey/js/data/quests/maamar/tvia_quests.js"}
[T+9676ms] [MerkavaModule:start] {"file":"/geelooy/games/scribe-journey/js/data/quests/maamar/tvia_quests.js","from":"geelooy/games/scribe-journey/js/data/quests.js","resolvedFile":"/geelooy/games/scribe-journey/js/data/quests/maamar/tvia_quests.js","key":"geelooy/games/scribe-journey/js/data/quests/maamar/tvia_quests.js"}
[T+9678ms] [MerkavaModule:done] {"key":"geelooy/games/scribe-journey/js/data/quests/maamar/tvia_quests.js","exports":["tviaQuests"]}
[T+9678ms] [MerkavaModule:start] {"file":"/geelooy/games/scribe-journey/js/data/quests/maamar/dibbur_quests.js","from":"geelooy/games/scribe-journey/js/data/quests.js","resolvedFile":"/geelooy/games/scribe-journey/js/data/quests/maamar/dibbur_quests.js","key":"geelooy/games/scribe-journey/js/data/quests/maamar/dibbur_quests.js"}
[T+9678ms] [MerkavaModule:start] {"file":"/geelooy/games/scribe-journey/js/data/quests/maamar/dibbur_quests.js","from":"geelooy/games/scribe-journey/js/data/quests.js","resolvedFile":"/geelooy/games/scribe-journey/js/data/quests/maamar/dibbur_quests.js","key":"geelooy/games/scribe-journey/js/data/quests/maamar/dibbur_quests.js"}
[T+9680ms] [MerkavaModule:done] {"key":"geelooy/games/scribe-journey/js/data/quests/maamar/dibbur_quests.js","exports":["dibburQuests"]}
[T+9681ms] [MerkavaModule:start] {"file":"/geelooy/games/scribe-journey/js/data/quests/maamar/ratzon_quests.js","from":"geelooy/games/scribe-journey/js/data/quests.js","resolvedFile":"/geelooy/games/scribe-journey/js/data/quests/maamar/ratzon_quests.js","key":"geelooy/games/scribe-journey/js/data/quests/maamar/ratzon_quests.js"}
[T+9681ms] [MerkavaModule:start] {"file":"/geelooy/games/scribe-journey/js/data/quests/maamar/ratzon_quests.js","from":"geelooy/games/scribe-journey/js/data/quests.js","resolvedFile":"/geelooy/games/scribe-journey/js/data/quests/maamar/ratzon_quests.js","key":"geelooy/games/scribe-journey/js/data/quests/maamar/ratzon_quests.js"}
[T+9683ms] [MerkavaModule:done] {"key":"geelooy/games/scribe-journey/js/data/quests/maamar/ratzon_quests.js","exports":["ratzonQuests"]}
[T+9683ms] [MerkavaModule:start] {"file":"/geelooy/games/scribe-journey/js/data/quests/tanya.js","from":"geelooy/games/scribe-journey/js/data/quests.js","resolvedFile":"/geelooy/games/scribe-journey/js/data/quests/tanya.js","key":"geelooy/games/scribe-journey/js/data/quests/tanya.js"}
[T+9683ms] [MerkavaModule:start] {"file":"/geelooy/games/scribe-journey/js/data/quests/tanya.js","from":"geelooy/games/scribe-journey/js/data/quests.js","resolvedFile":"/geelooy/games/scribe-journey/js/data/quests/tanya.js","key":"geelooy/games/scribe-journey/js/data/quests/tanya.js"}
[T+9685ms] [MerkavaModule:done] {"key":"geelooy/games/scribe-journey/js/data/quests/tanya.js","exports":["tanyaQuests"]}
[T+9686ms] [MerkavaModule:start] {"file":"/geelooy/games/scribe-journey/js/data/quests/tribes.js","from":"geelooy/games/scribe-journey/js/data/quests.js","resolvedFile":"/geelooy/games/scribe-journey/js/data/quests/tribes.js","key":"geelooy/games/scribe-journey/js/data/quests/tribes.js"}
[T+9686ms] [MerkavaModule:start] {"file":"/geelooy/games/scribe-journey/js/data/quests/tribes.js","from":"geelooy/games/scribe-journey/js/data/quests.js","resolvedFile":"/geelooy/games/scribe-journey/js/data/quests/tribes.js","key":"geelooy/games/scribe-journey/js/data/quests/tribes.js"}
[T+9688ms] [MerkavaModule:done] {"key":"geelooy/games/scribe-journey/js/data/quests/tribes.js","exports":["tribeQuests"]}
[T+9688ms] [MerkavaModule:start] {"file":"/geelooy/games/scribe-journey/js/data/quests/gan_eden_quests.js","from":"geelooy/games/scribe-journey/js/data/quests.js","resolvedFile":"/geelooy/games/scribe-journey/js/data/quests/gan_eden_quests.js","key":"geelooy/games/scribe-journey/js/data/quests/gan_eden_quests.js"}
[T+9688ms] [MerkavaModule:start] {"file":"/geelooy/games/scribe-journey/js/data/quests/gan_eden_quests.js","from":"geelooy/games/scribe-journey/js/data/quests.js","resolvedFile":"/geelooy/games/scribe-journey/js/data/quests/gan_eden_quests.js","key":"geelooy/games/scribe-journey/js/data/quests/gan_eden_quests.js"}
[T+9691ms] [MerkavaModule:done] {"key":"geelooy/games/scribe-journey/js/data/quests/gan_eden_quests.js","exports":["ganEdenQuests"]}
[T+9691ms] [MerkavaModule:start] {"file":"/geelooy/games/scribe-journey/js/data/quests/expansion_quests.js","from":"geelooy/games/scribe-journey/js/data/quests.js","resolvedFile":"/geelooy/games/scribe-journey/js/data/quests/expansion_quests.js","key":"geelooy/games/scribe-journey/js/data/quests/expansion_quests.js"}
[T+9691ms] [MerkavaModule:start] {"file":"/geelooy/games/scribe-journey/js/data/quests/expansion_quests.js","from":"geelooy/games/scribe-journey/js/data/quests.js","resolvedFile":"/geelooy/games/scribe-journey/js/data/quests/expansion_quests.js","key":"geelooy/games/scribe-journey/js/data/quests/expansion_quests.js"}
[T+9694ms] [MerkavaModule:done] {"key":"geelooy/games/scribe-journey/js/data/quests/expansion_quests.js","exports":["expansionQuests"]}
[T+9695ms] [MerkavaModule:start] {"file":"/geelooy/games/scribe-journey/js/data/quests/shlichus_campaigns.js","from":"geelooy/games/scribe-journey/js/data/quests.js","resolvedFile":"/geelooy/games/scribe-journey/js/data/quests/shlichus_campaigns.js","key":"geelooy/games/scribe-journey/js/data/quests/shlichus_campaigns.js"}
[T+9695ms] [MerkavaModule:start] {"file":"/geelooy/games/scribe-journey/js/data/quests/shlichus_campaigns.js","from":"geelooy/games/scribe-journey/js/data/quests.js","resolvedFile":"/geelooy/games/scribe-journey/js/data/quests/shlichus_campaigns.js","key":"geelooy/games/scribe-journey/js/data/quests/shlichus_campaigns.js"}
[T+9699ms] [MerkavaModule:done] {"key":"geelooy/games/scribe-journey/js/data/quests/shlichus_campaigns.js","exports":["shlichusCampaignQuests"]}
[T+9701ms] [MerkavaModule:done] {"key":"geelooy/games/scribe-journey/js/data/quests.js","exports":["quests"]}
[T+9707ms] [MerkavaModule:done] {"key":"geelooy/games/scribe-journey/js/data/database.js","exports":["TILE_SIZE","PLAYER_SPEED","formatMoney","createDefaultGameState"]}
[T+9708ms] [MerkavaModule:start] {"file":"/geelooy/games/scribe-journey/js/rendering/tileVisualResolver.js","from":"geelooy/games/scribe-journey/js/render.js","resolvedFile":"/geelooy/games/scribe-journey/js/rendering/tileVisualResolver.js","key":"geelooy/games/scribe-journey/js/rendering/tileVisualResolver.js"}
[T+9708ms] [MerkavaModule:start] {"file":"/geelooy/games/scribe-journey/js/rendering/tileVisualResolver.js","from":"geelooy/games/scribe-journey/js/render.js","resolvedFile":"/geelooy/games/scribe-journey/js/rendering/tileVisualResolver.js","key":"geelooy/games/scribe-journey/js/rendering/tileVisualResolver.js"}
[T+9709ms] [MerkavaModule:done] {"key":"geelooy/games/scribe-journey/js/rendering/tileVisualResolver.js","exports":["resolveTileVisual"]}
[T+9714ms] [MerkavaModule:done] {"key":"geelooy/games/scribe-journey/js/render.js","exports":["addParticle","updateParticles","updateTimeVisuals","renderGameState","triggerShake"]}
[T+9715ms] [MerkavaModule:start] {"file":"/geelooy/games/scribe-journey/js/ui/renderers.js","from":"geelooy/games/scribe-journey/js/ui.js","resolvedFile":"/geelooy/games/scribe-journey/js/ui/renderers.js","key":"geelooy/games/scribe-journey/js/ui/renderers.js"}
[T+9715ms] [MerkavaModule:start] {"file":"/geelooy/games/scribe-journey/js/ui/renderers.js","from":"geelooy/games/scribe-journey/js/ui.js","resolvedFile":"/geelooy/games/scribe-journey/js/ui/renderers.js","key":"geelooy/games/scribe-journey/js/ui/renderers.js"}
[T+9717ms] [MerkavaModule:done] {"key":"geelooy/games/scribe-journey/js/ui/renderers.js","exports":["renderInventory","renderGates37","renderQuestLog"]}
[T+9720ms] [MerkavaModule:done] {"key":"geelooy/games/scribe-journey/js/ui.js","exports":["initUI"]}
[T+9721ms] [MerkavaModule:start] {"file":"/geelooy/games/scribe-journey/js/workers/gameWorker.js","from":"geelooy/games/scribe-journey/js/main.js","resolvedFile":"/geelooy/games/scribe-journey/js/workers/gameWorker.js","key":"geelooy/games/scribe-journey/js/workers/gameWorker.js"}
[T+9721ms] [MerkavaModule:start] {"file":"/geelooy/games/scribe-journey/js/workers/gameWorker.js","from":"geelooy/games/scribe-journey/js/main.js","resolvedFile":"/geelooy/games/scribe-journey/js/workers/gameWorker.js","key":"geelooy/games/scribe-journey/js/workers/gameWorker.js"}
[T+9723ms] [MerkavaModule:start] {"file":"/geelooy/games/scribe-journey/js/data/maps.js","from":"geelooy/games/scribe-journey/js/workers/gameWorker.js","resolvedFile":"/geelooy/games/scribe-journey/js/data/maps.js","key":"geelooy/games/scribe-journey/js/data/maps.js"}
[T+9723ms] [MerkavaModule:start] {"file":"/geelooy/games/scribe-journey/js/data/maps.js","from":"geelooy/games/scribe-journey/js/workers/gameWorker.js","resolvedFile":"/geelooy/games/scribe-journey/js/data/maps.js","key":"geelooy/games/scribe-journey/js/data/maps.js"}
[T+9726ms] [MerkavaModule:start] {"file":"/geelooy/games/scribe-journey/js/data/maps/malkuth_main.js","from":"geelooy/games/scribe-journey/js/data/maps.js","resolvedFile":"/geelooy/games/scribe-journey/js/data/maps/malkuth_main.js","key":"geelooy/games/scribe-journey/js/data/maps/malkuth_main.js"}
[T+9726ms] [MerkavaModule:start] {"file":"/geelooy/games/scribe-journey/js/data/maps/malkuth_main.js","from":"geelooy/games/scribe-journey/js/data/maps.js","resolvedFile":"/geelooy/games/scribe-journey/js/data/maps/malkuth_main.js","key":"geelooy/games/scribe-journey/js/data/maps/malkuth_main.js"}
[T+9730ms] [MerkavaModule:done] {"key":"geelooy/games/scribe-journey/js/data/maps/malkuth_main.js","exports":["malkuthMainMaps"]}
[T+9730ms] [MerkavaModule:start] {"file":"/geelooy/games/scribe-journey/js/data/maps/malkuth_interiors.js","from":"geelooy/games/scribe-journey/js/data/maps.js","resolvedFile":"/geelooy/games/scribe-journey/js/data/maps/malkuth_interiors.js","key":"geelooy/games/scribe-journey/js/data/maps/malkuth_interiors.js"}
[T+9730ms] [MerkavaModule:start] {"file":"/geelooy/games/scribe-journey/js/data/maps/malkuth_interiors.js","from":"geelooy/games/scribe-journey/js/data/maps.js","resolvedFile":"/geelooy/games/scribe-journey/js/data/maps/malkuth_interiors.js","key":"geelooy/games/scribe-journey/js/data/maps/malkuth_interiors.js"}
[T+9733ms] [MerkavaModule:done] {"key":"geelooy/games/scribe-journey/js/data/maps/malkuth_interiors.js","exports":["malkuthInteriorMaps"]}
[T+9733ms] [MerkavaModule:start] {"file":"/geelooy/games/scribe-journey/js/data/maps/netzach_wilds.js","from":"geelooy/games/scribe-journey/js/data/maps.js","resolvedFile":"/geelooy/games/scribe-journey/js/data/maps/netzach_wilds.js","key":"geelooy/games/scribe-journey/js/data/maps/netzach_wilds.js"}
[T+9734ms] [MerkavaModule:start] {"file":"/geelooy/games/scribe-journey/js/data/maps/netzach_wilds.js","from":"geelooy/games/scribe-journey/js/data/maps.js","resolvedFile":"/geelooy/games/scribe-journey/js/data/maps/netzach_wilds.js","key":"geelooy/games/scribe-journey/js/data/maps/netzach_wilds.js"}
[T+9736ms] [MerkavaModule:done] {"key":"geelooy/games/scribe-journey/js/data/maps/netzach_wilds.js","exports":["netzachWildsMaps"]}
[T+9736ms] [MerkavaModule:start] {"file":"/geelooy/games/scribe-journey/js/data/maps/hod_academy.js","from":"geelooy/games/scribe-journey/js/data/maps.js","resolvedFile":"/geelooy/games/scribe-journey/js/data/maps/hod_academy.js","key":"geelooy/games/scribe-journey/js/data/maps/hod_academy.js"}
[T+9736ms] [MerkavaModule:start] {"file":"/geelooy/games/scribe-journey/js/data/maps/hod_academy.js","from":"geelooy/games/scribe-journey/js/data/maps.js","resolvedFile":"/geelooy/games/scribe-journey/js/data/maps/hod_academy.js","key":"geelooy/games/scribe-journey/js/data/maps/hod_academy.js"}
[T+9739ms] [MerkavaModule:done] {"key":"geelooy/games/scribe-journey/js/data/maps/hod_academy.js","exports":["hodAcademyMaps"]}
[T+9739ms] [MerkavaModule:start] {"file":"/geelooy/games/scribe-journey/js/data/maps/caverns.js","from":"geelooy/games/scribe-journey/js/data/maps.js","resolvedFile":"/geelooy/games/scribe-journey/js/data/maps/caverns.js","key":"geelooy/games/scribe-journey/js/data/maps/caverns.js"}
[T+9739ms] [MerkavaModule:start] {"file":"/geelooy/games/scribe-journey/js/data/maps/caverns.js","from":"geelooy/games/scribe-journey/js/data/maps.js","resolvedFile":"/geelooy/games/scribe-journey/js/data/maps/caverns.js","key":"geelooy/games/scribe-journey/js/data/maps/caverns.js"}
[T+9742ms] [MerkavaModule:done] {"key":"geelooy/games/scribe-journey/js/data/maps/caverns.js","exports":["cavernMaps"]}
[T+9743ms] [MerkavaModule:start] {"file":"/geelooy/games/scribe-journey/js/data/maps/sefiros.js","from":"geelooy/games/scribe-journey/js/data/maps.js","resolvedFile":"/geelooy/games/scribe-journey/js/data/maps/sefiros.js","key":"geelooy/games/scribe-journey/js/data/maps/sefiros.js"}
[T+9743ms] [MerkavaModule:start] {"file":"/geelooy/games/scribe-journey/js/data/maps/sefiros.js","from":"geelooy/games/scribe-journey/js/data/maps.js","resolvedFile":"/geelooy/games/scribe-journey/js/data/maps/sefiros.js","key":"geelooy/games/scribe-journey/js/data/maps/sefiros.js"}
[T+9745ms] [MerkavaModule:done] {"key":"geelooy/games/scribe-journey/js/data/maps/sefiros.js","exports":["sefirotMaps"]}
[T+9745ms] [MerkavaModule:start] {"file":"/geelooy/games/scribe-journey/js/data/maps/gevurah_fortress.js","from":"geelooy/games/scribe-journey/js/data/maps.js","resolvedFile":"/geelooy/games/scribe-journey/js/data/maps/gevurah_fortress.js","key":"geelooy/games/scribe-journey/js/data/maps/gevurah_fortress.js"}
[T+9745ms] [MerkavaModule:start] {"file":"/geelooy/games/scribe-journey/js/data/maps/gevurah_fortress.js","from":"geelooy/games/scribe-journey/js/data/maps.js","resolvedFile":"/geelooy/games/scribe-journey/js/data/maps/gevurah_fortress.js","key":"geelooy/games/scribe-journey/js/data/maps/gevurah_fortress.js"}
[T+9748ms] [MerkavaModule:done] {"key":"geelooy/games/scribe-journey/js/data/maps/gevurah_fortress.js","exports":["gevurahMaps"]}
[T+9749ms] [MerkavaModule:start] {"file":"/geelooy/games/scribe-journey/js/data/maps/chesed_ocean.js","from":"geelooy/games/scribe-journey/js/data/maps.js","resolvedFile":"/geelooy/games/scribe-journey/js/data/maps/chesed_ocean.js","key":"geelooy/games/scribe-journey/js/data/maps/chesed_ocean.js"}
[T+9749ms] [MerkavaModule:start] {"file":"/geelooy/games/scribe-journey/js/data/maps/chesed_ocean.js","from":"geelooy/games/scribe-journey/js/data/maps.js","resolvedFile":"/geelooy/games/scribe-journey/js/data/maps/chesed_ocean.js","key":"geelooy/games/scribe-journey/js/data/maps/chesed_ocean.js"}
[T+9751ms] [MerkavaModule:done] {"key":"geelooy/games/scribe-journey/js/data/maps/chesed_ocean.js","exports":["chesedMaps"]}
[T+9751ms] [MerkavaModule:start] {"file":"/geelooy/games/scribe-journey/js/data/maps/binah_palace.js","from":"geelooy/games/scribe-journey/js/data/maps.js","resolvedFile":"/geelooy/games/scribe-journey/js/data/maps/binah_palace.js","key":"geelooy/games/scribe-journey/js/data/maps/binah_palace.js"}
[T+9751ms] [MerkavaModule:start] {"file":"/geelooy/games/scribe-journey/js/data/maps/binah_palace.js","from":"geelooy/games/scribe-journey/js/data/maps.js","resolvedFile":"/geelooy/games/scribe-journey/js/data/maps/binah_palace.js","key":"geelooy/games/scribe-journey/js/data/maps/binah_palace.js"}
[T+9754ms] [MerkavaModule:done] {"key":"geelooy/games/scribe-journey/js/data/maps/binah_palace.js","exports":["binahMaps"]}
[T+9754ms] [MerkavaModule:start] {"file":"/geelooy/games/scribe-journey/js/data/maps/qliphoth_depths.js","from":"geelooy/games/scribe-journey/js/data/maps.js","resolvedFile":"/geelooy/games/scribe-journey/js/data/maps/qliphoth_depths.js","key":"geelooy/games/scribe-journey/js/data/maps/qliphoth_depths.js"}
[T+9754ms] [MerkavaModule:start] {"file":"/geelooy/games/scribe-journey/js/data/maps/qliphoth_depths.js","from":"geelooy/games/scribe-journey/js/data/maps.js","resolvedFile":"/geelooy/games/scribe-journey/js/data/maps/qliphoth_depths.js","key":"geelooy/games/scribe-journey/js/data/maps/qliphoth_depths.js"}
[T+9757ms] [MerkavaModule:done] {"key":"geelooy/games/scribe-journey/js/data/maps/qliphoth_depths.js","exports":["qliphothMaps"]}
[T+9758ms] [MerkavaModule:start] {"file":"/geelooy/games/scribe-journey/js/data/maps/keter.js","from":"geelooy/games/scribe-journey/js/data/maps.js","resolvedFile":"/geelooy/games/scribe-journey/js/data/maps/keter.js","key":"geelooy/games/scribe-journey/js/data/maps/keter.js"}
[T+9758ms] [MerkavaModule:start] {"file":"/geelooy/games/scribe-journey/js/data/maps/keter.js","from":"geelooy/games/scribe-journey/js/data/maps.js","resolvedFile":"/geelooy/games/scribe-journey/js/data/maps/keter.js","key":"geelooy/games/scribe-journey/js/data/maps/keter.js"}
[T+9760ms] [MerkavaModule:done] {"key":"geelooy/games/scribe-journey/js/data/maps/keter.js","exports":["keterMaps"]}
[T+9760ms] [MerkavaModule:start] {"file":"/geelooy/games/scribe-journey/js/data/maps/chanukah/caves.js","from":"geelooy/games/scribe-journey/js/data/maps.js","resolvedFile":"/geelooy/games/scribe-journey/js/data/maps/chanukah/caves.js","key":"geelooy/games/scribe-journey/js/data/maps/chanukah/caves.js"}
[T+9760ms] [MerkavaModule:start] {"file":"/geelooy/games/scribe-journey/js/data/maps/chanukah/caves.js","from":"geelooy/games/scribe-journey/js/data/maps.js","resolvedFile":"/geelooy/games/scribe-journey/js/data/maps/chanukah/caves.js","key":"geelooy/games/scribe-journey/js/data/maps/chanukah/caves.js"}
[T+9763ms] [MerkavaModule:done] {"key":"geelooy/games/scribe-journey/js/data/maps/chanukah/caves.js","exports":["chanukahCaveMaps"]}
[T+9764ms] [MerkavaModule:start] {"file":"/geelooy/games/scribe-journey/js/data/maps/chanukah/citadel.js","from":"geelooy/games/scribe-journey/js/data/maps.js","resolvedFile":"/geelooy/games/scribe-journey/js/data/maps/chanukah/citadel.js","key":"geelooy/games/scribe-journey/js/data/maps/chanukah/citadel.js"}
[T+9764ms] [MerkavaModule:start] {"file":"/geelooy/games/scribe-journey/js/data/maps/chanukah/citadel.js","from":"geelooy/games/scribe-journey/js/data/maps.js","resolvedFile":"/geelooy/games/scribe-journey/js/data/maps/chanukah/citadel.js","key":"geelooy/games/scribe-journey/js/data/maps/chanukah/citadel.js"}
[T+9767ms] [MerkavaModule:done] {"key":"geelooy/games/scribe-journey/js/data/maps/chanukah/citadel.js","exports":["chanukahCitadelMaps"]}
[T+9767ms] [MerkavaModule:start] {"file":"/geelooy/games/scribe-journey/js/data/maps/sechirut.js","from":"geelooy/games/scribe-journey/js/data/maps.js","resolvedFile":"/geelooy/games/scribe-journey/js/data/maps/sechirut.js","key":"geelooy/games/scribe-journey/js/data/maps/sechirut.js"}
[T+9767ms] [MerkavaModule:start] {"file":"/geelooy/games/scribe-journey/js/data/maps/sechirut.js","from":"geelooy/games/scribe-journey/js/data/maps.js","resolvedFile":"/geelooy/games/scribe-journey/js/data/maps/sechirut.js","key":"geelooy/games/scribe-journey/js/data/maps/sechirut.js"}
[T+9770ms] [MerkavaModule:done] {"key":"geelooy/games/scribe-journey/js/data/maps/sechirut.js","exports":["sechirutMaps"]}
[T+9770ms] [MerkavaModule:start] {"file":"/geelooy/games/scribe-journey/js/data/maps/maamar/hub.js","from":"geelooy/games/scribe-journey/js/data/maps.js","resolvedFile":"/geelooy/games/scribe-journey/js/data/maps/maamar/hub.js","key":"geelooy/games/scribe-journey/js/data/maps/maamar/hub.js"}
[T+9770ms] [MerkavaModule:start] {"file":"/geelooy/games/scribe-journey/js/data/maps/maamar/hub.js","from":"geelooy/games/scribe-journey/js/data/maps.js","resolvedFile":"/geelooy/games/scribe-journey/js/data/maps/maamar/hub.js","key":"geelooy/games/scribe-journey/js/data/maps/maamar/hub.js"}
[T+9776ms] [MerkavaModule:done] {"key":"geelooy/games/scribe-journey/js/data/maps/maamar/hub.js","exports":["maamarHub"]}
[T+9777ms] [MerkavaModule:start] {"file":"/geelooy/games/scribe-journey/js/data/maps/maamar/matbea.js","from":"geelooy/games/scribe-journey/js/data/maps.js","resolvedFile":"/geelooy/games/scribe-journey/js/data/maps/maamar/matbea.js","key":"geelooy/games/scribe-journey/js/data/maps/maamar/matbea.js"}
[T+9777ms] [MerkavaModule:start] {"file":"/geelooy/games/scribe-journey/js/data/maps/maamar/matbea.js","from":"geelooy/games/scribe-journey/js/data/maps.js","resolvedFile":"/geelooy/games/scribe-journey/js/data/maps/maamar/matbea.js","key":"geelooy/games/scribe-journey/js/data/maps/maamar/matbea.js"}
[T+9800ms] [MerkavaModule:done] {"key":"geelooy/games/scribe-journey/js/data/maps/maamar/matbea.js","exports":["matbeaMaps"]}
[T+9801ms] [MerkavaModule:start] {"file":"/geelooy/games/scribe-journey/js/data/maps/maamar/tvia.js","from":"geelooy/games/scribe-journey/js/data/maps.js","resolvedFile":"/geelooy/games/scribe-journey/js/data/maps/maamar/tvia.js","key":"geelooy/games/scribe-journey/js/data/maps/maamar/tvia.js"}
[T+9801ms] [MerkavaModule:start] {"file":"/geelooy/games/scribe-journey/js/data/maps/maamar/tvia.js","from":"geelooy/games/scribe-journey/js/data/maps.js","resolvedFile":"/geelooy/games/scribe-journey/js/data/maps/maamar/tvia.js","key":"geelooy/games/scribe-journey/js/data/maps/maamar/tvia.js"}
[T+9827ms] [MerkavaModule:done] {"key":"geelooy/games/scribe-journey/js/data/maps/maamar/tvia.js","exports":["tviaMaps"]}
[T+9827ms] [MerkavaModule:start] {"file":"/geelooy/games/scribe-journey/js/data/maps/maamar/dibbur.js","from":"geelooy/games/scribe-journey/js/data/maps.js","resolvedFile":"/geelooy/games/scribe-journey/js/data/maps/maamar/dibbur.js","key":"geelooy/games/scribe-journey/js/data/maps/maamar/dibbur.js"}
[T+9827ms] [MerkavaModule:start] {"file":"/geelooy/games/scribe-journey/js/data/maps/maamar/dibbur.js","from":"geelooy/games/scribe-journey/js/data/maps.js","resolvedFile":"/geelooy/games/scribe-journey/js/data/maps/maamar/dibbur.js","key":"geelooy/games/scribe-journey/js/data/maps/maamar/dibbur.js"}
[T+9842ms] [MerkavaModule:done] {"key":"geelooy/games/scribe-journey/js/data/maps/maamar/dibbur.js","exports":["dibburMaps"]}
[T+9842ms] [MerkavaModule:start] {"file":"/geelooy/games/scribe-journey/js/data/maps/maamar/ratzon.js","from":"geelooy/games/scribe-journey/js/data/maps.js","resolvedFile":"/geelooy/games/scribe-journey/js/data/maps/maamar/ratzon.js","key":"geelooy/games/scribe-journey/js/data/maps/maamar/ratzon.js"}
[T+9842ms] [MerkavaModule:start] {"file":"/geelooy/games/scribe-journey/js/data/maps/maamar/ratzon.js","from":"geelooy/games/scribe-journey/js/data/maps.js","resolvedFile":"/geelooy/games/scribe-journey/js/data/maps/maamar/ratzon.js","key":"geelooy/games/scribe-journey/js/data/maps/maamar/ratzon.js"}
[T+9860ms] [MerkavaModule:done] {"key":"geelooy/games/scribe-journey/js/data/maps/maamar/ratzon.js","exports":["ratzonMaps"]}
[T+9860ms] [MerkavaModule:start] {"file":"/geelooy/games/scribe-journey/js/data/maps/tanya/hub.js","from":"geelooy/games/scribe-journey/js/data/maps.js","resolvedFile":"/geelooy/games/scribe-journey/js/data/maps/tanya/hub.js","key":"geelooy/games/scribe-journey/js/data/maps/tanya/hub.js"}
[T+9860ms] [MerkavaModule:start] {"file":"/geelooy/games/scribe-journey/js/data/maps/tanya/hub.js","from":"geelooy/games/scribe-journey/js/data/maps.js","resolvedFile":"/geelooy/games/scribe-journey/js/data/maps/tanya/hub.js","key":"geelooy/games/scribe-journey/js/data/maps/tanya/hub.js"}
[T+9863ms] [MerkavaModule:done] {"key":"geelooy/games/scribe-journey/js/data/maps/tanya/hub.js","exports":["tanyaHubMaps"]}
[T+9864ms] [MerkavaModule:start] {"file":"/geelooy/games/scribe-journey/js/data/maps/tanya/kelipah.js","from":"geelooy/games/scribe-journey/js/data/maps.js","resolvedFile":"/geelooy/games/scribe-journey/js/data/maps/tanya/kelipah.js","key":"geelooy/games/scribe-journey/js/data/maps/tanya/kelipah.js"}
[T+9864ms] [MerkavaModule:start] {"file":"/geelooy/games/scribe-journey/js/data/maps/tanya/kelipah.js","from":"geelooy/games/scribe-journey/js/data/maps.js","resolvedFile":"/geelooy/games/scribe-journey/js/data/maps/tanya/kelipah.js","key":"geelooy/games/scribe-journey/js/data/maps/tanya/kelipah.js"}
[T+9868ms] [MerkavaModule:done] {"key":"geelooy/games/scribe-journey/js/data/maps/tanya/kelipah.js","exports":["tanyaKelipahMaps"]}
[T+9868ms] [MerkavaModule:start] {"file":"/geelooy/games/scribe-journey/js/data/maps/tanya/kedushah.js","from":"geelooy/games/scribe-journey/js/data/maps.js","resolvedFile":"/geelooy/games/scribe-journey/js/data/maps/tanya/kedushah.js","key":"geelooy/games/scribe-journey/js/data/maps/tanya/kedushah.js"}
[T+9868ms] [MerkavaModule:start] {"file":"/geelooy/games/scribe-journey/js/data/maps/tanya/kedushah.js","from":"geelooy/games/scribe-journey/js/data/maps.js","resolvedFile":"/geelooy/games/scribe-journey/js/data/maps/tanya/kedushah.js","key":"geelooy/games/scribe-journey/js/data/maps/tanya/kedushah.js"}
[T+9874ms] [MerkavaModule:done] {"key":"geelooy/games/scribe-journey/js/data/maps/tanya/kedushah.js","exports":["tanyaKedushahMaps"]}
[T+9874ms] [MerkavaModule:start] {"file":"/geelooy/games/scribe-journey/js/data/maps/tribes/camp_hub.js","from":"geelooy/games/scribe-journey/js/data/maps.js","resolvedFile":"/geelooy/games/scribe-journey/js/data/maps/tribes/camp_hub.js","key":"geelooy/games/scribe-journey/js/data/maps/tribes/camp_hub.js"}
[T+9874ms] [MerkavaModule:start] {"file":"/geelooy/games/scribe-journey/js/data/maps/tribes/camp_hub.js","from":"geelooy/games/scribe-journey/js/data/maps.js","resolvedFile":"/geelooy/games/scribe-journey/js/data/maps/tribes/camp_hub.js","key":"geelooy/games/scribe-journey/js/data/maps/tribes/camp_hub.js"}
[T+9880ms] [MerkavaModule:done] {"key":"geelooy/games/scribe-journey/js/data/maps/tribes/camp_hub.js","exports":["tribesHubMaps"]}
[T+9880ms] [MerkavaModule:start] {"file":"/geelooy/games/scribe-journey/js/data/maps/tribes/judah_camp.js","from":"geelooy/games/scribe-journey/js/data/maps.js","resolvedFile":"/geelooy/games/scribe-journey/js/data/maps/tribes/judah_camp.js","key":"geelooy/games/scribe-journey/js/data/maps/tribes/judah_camp.js"}
[T+9880ms] [MerkavaModule:start] {"file":"/geelooy/games/scribe-journey/js/data/maps/tribes/judah_camp.js","from":"geelooy/games/scribe-journey/js/data/maps.js","resolvedFile":"/geelooy/games/scribe-journey/js/data/maps/tribes/judah_camp.js","key":"geelooy/games/scribe-journey/js/data/maps/tribes/judah_camp.js"}
[T+9883ms] [MerkavaModule:done] {"key":"geelooy/games/scribe-journey/js/data/maps/tribes/judah_camp.js","exports":["judahCampMaps"]}
[T+9884ms] [MerkavaModule:start] {"file":"/geelooy/games/scribe-journey/js/data/maps/tribes/dan_camp.js","from":"geelooy/games/scribe-journey/js/data/maps.js","resolvedFile":"/geelooy/games/scribe-journey/js/data/maps/tribes/dan_camp.js","key":"geelooy/games/scribe-journey/js/data/maps/tribes/dan_camp.js"}
[T+9884ms] [MerkavaModule:start] {"file":"/geelooy/games/scribe-journey/js/data/maps/tribes/dan_camp.js","from":"geelooy/games/scribe-journey/js/data/maps.js","resolvedFile":"/geelooy/games/scribe-journey/js/data/maps/tribes/dan_camp.js","key":"geelooy/games/scribe-journey/js/data/maps/tribes/dan_camp.js"}
[T+9886ms] [MerkavaModule:done] {"key":"geelooy/games/scribe-journey/js/data/maps/tribes/dan_camp.js","exports":["danCampMaps"]}
[T+9887ms] [MerkavaModule:start] {"file":"/geelooy/games/scribe-journey/js/data/maps/crown_heights.js","from":"geelooy/games/scribe-journey/js/data/maps.js","resolvedFile":"/geelooy/games/scribe-journey/js/data/maps/crown_heights.js","key":"geelooy/games/scribe-journey/js/data/maps/crown_heights.js"}
[T+9887ms] [MerkavaModule:start] {"file":"/geelooy/games/scribe-journey/js/data/maps/crown_heights.js","from":"geelooy/games/scribe-journey/js/data/maps.js","resolvedFile":"/geelooy/games/scribe-journey/js/data/maps/crown_heights.js","key":"geelooy/games/scribe-journey/js/data/maps/crown_heights.js"}
[T+9891ms] [MerkavaModule:done] {"key":"geelooy/games/scribe-journey/js/data/maps/crown_heights.js","exports":["crownHeightsMaps"]}
[T+9891ms] [MerkavaModule:start] {"file":"/geelooy/games/scribe-journey/js/data/maps/binah_50_gates.js","from":"geelooy/games/scribe-journey/js/data/maps.js","resolvedFile":"/geelooy/games/scribe-journey/js/data/maps/binah_50_gates.js","key":"geelooy/games/scribe-journey/js/data/maps/binah_50_gates.js"}
[T+9891ms] [MerkavaModule:start] {"file":"/geelooy/games/scribe-journey/js/data/maps/binah_50_gates.js","from":"geelooy/games/scribe-journey/js/data/maps.js","resolvedFile":"/geelooy/games/scribe-journey/js/data/maps/binah_50_gates.js","key":"geelooy/games/scribe-journey/js/data/maps/binah_50_gates.js"}
[T+9983ms] [MerkavaModule:done] {"key":"geelooy/games/scribe-journey/js/data/maps/binah_50_gates.js","exports":["binahGatesMaps"]}
[T+9983ms] [MerkavaModule:start] {"file":"/geelooy/games/scribe-journey/js/data/maps/seven_seventy.js","from":"geelooy/games/scribe-journey/js/data/maps.js","resolvedFile":"/geelooy/games/scribe-journey/js/data/maps/seven_seventy.js","key":"geelooy/games/scribe-journey/js/data/maps/seven_seventy.js"}
[T+9983ms] [MerkavaModule:start] {"file":"/geelooy/games/scribe-journey/js/data/maps/seven_seventy.js","from":"geelooy/games/scribe-journey/js/data/maps.js","resolvedFile":"/geelooy/games/scribe-journey/js/data/maps/seven_seventy.js","key":"geelooy/games/scribe-journey/js/data/maps/seven_seventy.js"}
[T+9989ms] [MerkavaModule:done] {"key":"geelooy/games/scribe-journey/js/data/maps/seven_seventy.js","exports":["sevenSeventyMaps"]}
[T+9990ms] [MerkavaModule:start] {"file":"/geelooy/games/scribe-journey/js/data/maps/gan_eden.js","from":"geelooy/games/scribe-journey/js/data/maps.js","resolvedFile":"/geelooy/games/scribe-journey/js/data/maps/gan_eden.js","key":"geelooy/games/scribe-journey/js/data/maps/gan_eden.js"}
[T+9990ms] [MerkavaModule:start] {"file":"/geelooy/games/scribe-journey/js/data/maps/gan_eden.js","from":"geelooy/games/scribe-journey/js/data/maps.js","resolvedFile":"/geelooy/games/scribe-journey/js/data/maps/gan_eden.js","key":"geelooy/games/scribe-journey/js/data/maps/gan_eden.js"}
[T+9994ms] [MerkavaModule:done] {"key":"geelooy/games/scribe-journey/js/data/maps/gan_eden.js","exports":["ganEdenMaps"]}
[T+9994ms] [MerkavaModule:start] {"file":"/geelooy/games/scribe-journey/js/data/maps/gehinnom.js","from":"geelooy/games/scribe-journey/js/data/maps.js","resolvedFile":"/geelooy/games/scribe-journey/js/data/maps/gehinnom.js","key":"geelooy/games/scribe-journey/js/data/maps/gehinnom.js"}
[T+9994ms] [MerkavaModule:start] {"file":"/geelooy/games/scribe-journey/js/data/maps/gehinnom.js","from":"geelooy/games/scribe-journey/js/data/maps.js","resolvedFile":"/geelooy/games/scribe-journey/js/data/maps/gehinnom.js","key":"geelooy/games/scribe-journey/js/data/maps/gehinnom.js"}
[T+9997ms] [MerkavaModule:done] {"key":"geelooy/games/scribe-journey/js/data/maps/gehinnom.js","exports":["gehinnomMaps"]}
[T+9997ms] [MerkavaModule:start] {"file":"/geelooy/games/scribe-journey/js/data/maps/expansion_maps.js","from":"geelooy/games/scribe-journey/js/data/maps.js","resolvedFile":"/geelooy/games/scribe-journey/js/data/maps/expansion_maps.js","key":"geelooy/games/scribe-journey/js/data/maps/expansion_maps.js"}
[T+9997ms] [MerkavaModule:start] {"file":"/geelooy/games/scribe-journey/js/data/maps/expansion_maps.js","from":"geelooy/games/scribe-journey/js/data/maps.js","resolvedFile":"/geelooy/games/scribe-journey/js/data/maps/expansion_maps.js","key":"geelooy/games/scribe-journey/js/data/maps/expansion_maps.js"}
[T+10000ms] [MerkavaModule:done] {"key":"geelooy/games/scribe-journey/js/data/maps/expansion_maps.js","exports":["expansionMaps"]}
[T+10000ms] [MerkavaModule:start] {"file":"/geelooy/games/scribe-journey/js/data/maps/midbar.js","from":"geelooy/games/scribe-journey/js/data/maps.js","resolvedFile":"/geelooy/games/scribe-journey/js/data/maps/midbar.js","key":"geelooy/games/scribe-journey/js/data/maps/midbar.js"}
[T+10000ms] [MerkavaModule:start] {"file":"/geelooy/games/scribe-journey/js/data/maps/midbar.js","from":"geelooy/games/scribe-journey/js/data/maps.js","resolvedFile":"/geelooy/games/scribe-journey/js/data/maps/midbar.js","key":"geelooy/games/scribe-journey/js/data/maps/midbar.js"}
[T+10003ms] [MerkavaModule:done] {"key":"geelooy/games/scribe-journey/js/data/maps/midbar.js","exports":["midbarMaps"]}
[T+10003ms] [MerkavaModule:start] {"file":"/geelooy/games/scribe-journey/js/data/maps/kotel.js","from":"geelooy/games/scribe-journey/js/data/maps.js","resolvedFile":"/geelooy/games/scribe-journey/js/data/maps/kotel.js","key":"geelooy/games/scribe-journey/js/data/maps/kotel.js"}
[T+10003ms] [MerkavaModule:start] {"file":"/geelooy/games/scribe-journey/js/data/maps/kotel.js","from":"geelooy/games/scribe-journey/js/data/maps.js","resolvedFile":"/geelooy/games/scribe-journey/js/data/maps/kotel.js","key":"geelooy/games/scribe-journey/js/data/maps/kotel.js"}
[T+10007ms] [MerkavaModule:done] {"key":"geelooy/games/scribe-journey/js/data/maps/kotel.js","exports":["kotelMaps"]}
[T+10007ms] [MerkavaModule:start] {"file":"/geelooy/games/scribe-journey/js/data/maps/babel.js","from":"geelooy/games/scribe-journey/js/data/maps.js","resolvedFile":"/geelooy/games/scribe-journey/js/data/maps/babel.js","key":"geelooy/games/scribe-journey/js/data/maps/babel.js"}
[T+10008ms] [MerkavaModule:start] {"file":"/geelooy/games/scribe-journey/js/data/maps/babel.js","from":"geelooy/games/scribe-journey/js/data/maps.js","resolvedFile":"/geelooy/games/scribe-journey/js/data/maps/babel.js","key":"geelooy/games/scribe-journey/js/data/maps/babel.js"}
[T+10011ms] [MerkavaModule:done] {"key":"geelooy/games/scribe-journey/js/data/maps/babel.js","exports":["babelMaps"]}
[T+10011ms] [MerkavaModule:start] {"file":"/geelooy/games/scribe-journey/js/data/maps/expansion_2.js","from":"geelooy/games/scribe-journey/js/data/maps.js","resolvedFile":"/geelooy/games/scribe-journey/js/data/maps/expansion_2.js","key":"geelooy/games/scribe-journey/js/data/maps/expansion_2.js"}
[T+10011ms] [MerkavaModule:start] {"file":"/geelooy/games/scribe-journey/js/data/maps/expansion_2.js","from":"geelooy/games/scribe-journey/js/data/maps.js","resolvedFile":"/geelooy/games/scribe-journey/js/data/maps/expansion_2.js","key":"geelooy/games/scribe-journey/js/data/maps/expansion_2.js"}
[T+10014ms] [MerkavaModule:done] {"key":"geelooy/games/scribe-journey/js/data/maps/expansion_2.js","exports":["expansion2Maps"]}
[T+10015ms] [MerkavaModule:start] {"file":"/geelooy/games/scribe-journey/js/data/maps/taryag_maps.js","from":"geelooy/games/scribe-journey/js/data/maps.js","resolvedFile":"/geelooy/games/scribe-journey/js/data/maps/taryag_maps.js","key":"geelooy/games/scribe-journey/js/data/maps/taryag_maps.js"}
[T+10015ms] [MerkavaModule:start] {"file":"/geelooy/games/scribe-journey/js/data/maps/taryag_maps.js","from":"geelooy/games/scribe-journey/js/data/maps.js","resolvedFile":"/geelooy/games/scribe-journey/js/data/maps/taryag_maps.js","key":"geelooy/games/scribe-journey/js/data/maps/taryag_maps.js"}
[T+10017ms] [MerkavaModule:done] {"key":"geelooy/games/scribe-journey/js/data/maps/taryag_maps.js","exports":["taryagMaps"]}
[T+10018ms] [MerkavaModule:start] {"file":"/geelooy/games/scribe-journey/js/data/maps/aleph_bet.js","from":"geelooy/games/scribe-journey/js/data/maps.js","resolvedFile":"/geelooy/games/scribe-journey/js/data/maps/aleph_bet.js","key":"geelooy/games/scribe-journey/js/data/maps/aleph_bet.js"}
[T+10018ms] [MerkavaModule:start] {"file":"/geelooy/games/scribe-journey/js/data/maps/aleph_bet.js","from":"geelooy/games/scribe-journey/js/data/maps.js","resolvedFile":"/geelooy/games/scribe-journey/js/data/maps/aleph_bet.js","key":"geelooy/games/scribe-journey/js/data/maps/aleph_bet.js"}
[T+10025ms] [MerkavaModule:done] {"key":"geelooy/games/scribe-journey/js/data/maps/aleph_bet.js","exports":["alephBetMaps"]}
[T+10025ms] [MerkavaModule:start] {"file":"/geelooy/games/scribe-journey/js/data/map_parser.js","from":"geelooy/games/scribe-journey/js/data/maps.js","resolvedFile":"/geelooy/games/scribe-journey/js/data/map_parser.js","key":"geelooy/games/scribe-journey/js/data/map_parser.js"}
[T+10025ms] [MerkavaModule:start] {"file":"/geelooy/games/scribe-journey/js/data/map_parser.js","from":"geelooy/games/scribe-journey/js/data/maps.js","resolvedFile":"/geelooy/games/scribe-journey/js/data/map_parser.js","key":"geelooy/games/scribe-journey/js/data/map_parser.js"}
[T+10026ms] [MerkavaModule:start] {"file":"/geelooy/games/scribe-journey/js/data/map-parser/ParsedEntityIndex.js","from":"geelooy/games/scribe-journey/js/data/map_parser.js","resolvedFile":"/geelooy/games/scribe-journey/js/data/map-parser/ParsedEntityIndex.js","key":"geelooy/games/scribe-journey/js/data/map-parser/ParsedEntityIndex.js"}
[T+10027ms] [MerkavaModule:start] {"file":"/geelooy/games/scribe-journey/js/data/map-parser/ParsedEntityIndex.js","from":"geelooy/games/scribe-journey/js/data/map_parser.js","resolvedFile":"/geelooy/games/scribe-journey/js/data/map-parser/ParsedEntityIndex.js","key":"geelooy/games/scribe-journey/js/data/map-parser/ParsedEntityIndex.js"}
[T+10028ms] [MerkavaModule:start] {"file":"/geelooy/games/scribe-journey/js/data/map-parser/entityGlyph.js","from":"geelooy/games/scribe-journey/js/data/map-parser/ParsedEntityIndex.js","resolvedFile":"/geelooy/games/scribe-journey/js/data/map-parser/entityGlyph.js","key":"geelooy/games/scribe-journey/js/data/map-parser/entityGlyph.js"}
[T+10028ms] [MerkavaModule:start] {"file":"/geelooy/games/scribe-journey/js/data/map-parser/entityGlyph.js","from":"geelooy/games/scribe-journey/js/data/map-parser/ParsedEntityIndex.js","resolvedFile":"/geelooy/games/scribe-journey/js/data/map-parser/entityGlyph.js","key":"geelooy/games/scribe-journey/js/data/map-parser/entityGlyph.js"}
[T+10030ms] [MerkavaModule:done] {"key":"geelooy/games/scribe-journey/js/data/map-parser/entityGlyph.js","exports":["getEntityGlyph","getEntityVisual"]}
[T+10031ms] [MerkavaModule:done] {"key":"geelooy/games/scribe-journey/js/data/map-parser/ParsedEntityIndex.js","exports":["ParsedEntityIndex"]}
[T+10031ms] [MerkavaModule:start] {"file":"/geelooy/games/scribe-journey/js/data/map-parser/placementResolver.js","from":"geelooy/games/scribe-journey/js/data/map_parser.js","resolvedFile":"/geelooy/games/scribe-journey/js/data/map-parser/placementResolver.js","key":"geelooy/games/scribe-journey/js/data/map-parser/placementResolver.js"}
[T+10031ms] [MerkavaModule:start] {"file":"/geelooy/games/scribe-journey/js/data/map-parser/placementResolver.js","from":"geelooy/games/scribe-journey/js/data/map_parser.js","resolvedFile":"/geelooy/games/scribe-journey/js/data/map-parser/placementResolver.js","key":"geelooy/games/scribe-journey/js/data/map-parser/placementResolver.js"}
[T+10033ms] [MerkavaModule:done] {"key":"geelooy/games/scribe-journey/js/data/map-parser/placementResolver.js","exports":["resolvePlacement"]}
[T+10035ms] [MerkavaModule:done] {"key":"geelooy/games/scribe-journey/js/data/map_parser.js","exports":["parseAllMaps"]}
[T+14397ms] [MerkavaModule:done] {"key":"geelooy/games/scribe-journey/js/data/maps.js","exports":["maps"]}
[T+14398ms] [MerkavaModule:start] {"file":"/geelooy/games/scribe-journey/js/workers/world.js","from":"geelooy/games/scribe-journey/js/workers/gameWorker.js","resolvedFile":"/geelooy/games/scribe-journey/js/workers/world.js","key":"geelooy/games/scribe-journey/js/workers/world.js"}
[T+14398ms] [MerkavaModule:start] {"file":"/geelooy/games/scribe-journey/js/workers/world.js","from":"geelooy/games/scribe-journey/js/workers/gameWorker.js","resolvedFile":"/geelooy/games/scribe-journey/js/workers/world.js","key":"geelooy/games/scribe-journey/js/workers/world.js"}
[T+14399ms] [MerkavaModule:start] {"file":"/geelooy/games/scribe-journey/js/workers/world/movement.js","from":"geelooy/games/scribe-journey/js/workers/world.js","resolvedFile":"/geelooy/games/scribe-journey/js/workers/world/movement.js","key":"geelooy/games/scribe-journey/js/workers/world/movement.js"}
[T+14399ms] [MerkavaModule:start] {"file":"/geelooy/games/scribe-journey/js/workers/world/movement.js","from":"geelooy/games/scribe-journey/js/workers/world.js","resolvedFile":"/geelooy/games/scribe-journey/js/workers/world/movement.js","key":"geelooy/games/scribe-journey/js/workers/world/movement.js"}
[T+14401ms] [MerkavaModule:start] {"file":"/geelooy/games/scribe-journey/js/procedural/world_generator.js","from":"geelooy/games/scribe-journey/js/workers/world/movement.js","resolvedFile":"/geelooy/games/scribe-journey/js/procedural/world_generator.js","key":"geelooy/games/scribe-journey/js/procedural/world_generator.js"}
[T+14401ms] [MerkavaModule:start] {"file":"/geelooy/games/scribe-journey/js/procedural/world_generator.js","from":"geelooy/games/scribe-journey/js/workers/world/movement.js","resolvedFile":"/geelooy/games/scribe-journey/js/procedural/world_generator.js","key":"geelooy/games/scribe-journey/js/procedural/world_generator.js"}
[T+14402ms] [MerkavaModule:start] {"file":"/geelooy/games/scribe-journey/js/procedural/biome_data.js","from":"geelooy/games/scribe-journey/js/procedural/world_generator.js","resolvedFile":"/geelooy/games/scribe-journey/js/procedural/biome_data.js","key":"geelooy/games/scribe-journey/js/procedural/biome_data.js"}
[T+14402ms] [MerkavaModule:start] {"file":"/geelooy/games/scribe-journey/js/procedural/biome_data.js","from":"geelooy/games/scribe-journey/js/procedural/world_generator.js","resolvedFile":"/geelooy/games/scribe-journey/js/procedural/biome_data.js","key":"geelooy/games/scribe-journey/js/procedural/biome_data.js"}
[T+14405ms] [MerkavaModule:done] {"key":"geelooy/games/scribe-journey/js/procedural/biome_data.js","exports":["BIOMES","getBiomeForCoordinate"]}
[T+14407ms] [MerkavaModule:done] {"key":"geelooy/games/scribe-journey/js/procedural/world_generator.js","exports":["generateChunk"]}
[T+14407ms] [MerkavaModule:start] {"file":"/geelooy/games/scribe-journey/js/workers/world/entity/occupancy.js","from":"geelooy/games/scribe-journey/js/workers/world/movement.js","resolvedFile":"/geelooy/games/scribe-journey/js/workers/world/entity/occupancy.js","key":"geelooy/games/scribe-journey/js/workers/world/entity/occupancy.js"}
[T+14407ms] [MerkavaModule:start] {"file":"/geelooy/games/scribe-journey/js/workers/world/entity/occupancy.js","from":"geelooy/games/scribe-journey/js/workers/world/movement.js","resolvedFile":"/geelooy/games/scribe-journey/js/workers/world/entity/occupancy.js","key":"geelooy/games/scribe-journey/js/workers/world/entity/occupancy.js"}
[T+14409ms] [MerkavaModule:done] {"key":"geelooy/games/scribe-journey/js/workers/world/entity/occupancy.js","exports":["getEntityAt","clearEntityTile","blocksMovement"]}
[T+14411ms] [MerkavaModule:done] {"key":"geelooy/games/scribe-journey/js/workers/world/movement.js","exports":["updatePosition","attemptMove"]}
[T+14412ms] [MerkavaModule:start] {"file":"/geelooy/games/scribe-journey/js/workers/world/interaction.js","from":"geelooy/games/scribe-journey/js/workers/world.js","resolvedFile":"/geelooy/games/scribe-journey/js/workers/world/interaction.js","key":"geelooy/games/scribe-journey/js/workers/world/interaction.js"}
[T+14412ms] [MerkavaModule:start] {"file":"/geelooy/games/scribe-journey/js/workers/world/interaction.js","from":"geelooy/games/scribe-journey/js/workers/world.js","resolvedFile":"/geelooy/games/scribe-journey/js/workers/world/interaction.js","key":"geelooy/games/scribe-journey/js/workers/world/interaction.js"}
[T+14413ms] [MerkavaModule:start] {"file":"/geelooy/games/scribe-journey/js/workers/shop.js","from":"geelooy/games/scribe-journey/js/workers/world/interaction.js","resolvedFile":"/geelooy/games/scribe-journey/js/workers/shop.js","key":"geelooy/games/scribe-journey/js/workers/shop.js"}
[T+14413ms] [MerkavaModule:start] {"file":"/geelooy/games/scribe-journey/js/workers/shop.js","from":"geelooy/games/scribe-journey/js/workers/world/interaction.js","resolvedFile":"/geelooy/games/scribe-journey/js/workers/shop.js","key":"geelooy/games/scribe-journey/js/workers/shop.js"}
[T+14414ms] [MerkavaModule:start] {"file":"/geelooy/games/scribe-journey/js/workers/quests.js","from":"geelooy/games/scribe-journey/js/workers/shop.js","resolvedFile":"/geelooy/games/scribe-journey/js/workers/quests.js","key":"geelooy/games/scribe-journey/js/workers/quests.js"}
[T+14414ms] [MerkavaModule:start] {"file":"/geelooy/games/scribe-journey/js/workers/quests.js","from":"geelooy/games/scribe-journey/js/workers/shop.js","resolvedFile":"/geelooy/games/scribe-journey/js/workers/quests.js","key":"geelooy/games/scribe-journey/js/workers/quests.js"}
[T+14419ms] [MerkavaModule:done] {"key":"geelooy/games/scribe-journey/js/workers/quests.js","exports":["accept","updateObjective","finalize","giveItem","getStatus","getObjectiveStatus","getInventoryPayload","getQuestLogPayload"]}
[T+14421ms] [MerkavaModule:done] {"key":"geelooy/games/scribe-journey/js/workers/shop.js","exports":["startShop","handleShopChoice"]}
[T+14421ms] [MerkavaModule:start] {"file":"/geelooy/games/scribe-journey/js/workers/botSystem.js","from":"geelooy/games/scribe-journey/js/workers/world/interaction.js","resolvedFile":"/geelooy/games/scribe-journey/js/workers/botSystem.js","key":"geelooy/games/scribe-journey/js/workers/botSystem.js"}
[T+14421ms] [MerkavaModule:start] {"file":"/geelooy/games/scribe-journey/js/workers/botSystem.js","from":"geelooy/games/scribe-journey/js/workers/world/interaction.js","resolvedFile":"/geelooy/games/scribe-journey/js/workers/botSystem.js","key":"geelooy/games/scribe-journey/js/workers/botSystem.js"}
[T+14423ms] [MerkavaModule:start] {"file":"/geelooy/games/scribe-journey/js/data/bots.js","from":"geelooy/games/scribe-journey/js/workers/botSystem.js","resolvedFile":"/geelooy/games/scribe-journey/js/data/bots.js","key":"geelooy/games/scribe-journey/js/data/bots.js"}
[T+14423ms] [MerkavaModule:start] {"file":"/geelooy/games/scribe-journey/js/data/bots.js","from":"geelooy/games/scribe-journey/js/workers/botSystem.js","resolvedFile":"/geelooy/games/scribe-journey/js/data/bots.js","key":"geelooy/games/scribe-journey/js/data/bots.js"}
[T+14427ms] [MerkavaModule:done] {"key":"geelooy/games/scribe-journey/js/data/bots.js","exports":["botNames","botGuilds","botDialogues","botAvatars","botTeams"]}
[T+14427ms] [MerkavaModule:start] {"file":"/geelooy/games/scribe-journey/js/workers/player_quest_system.js","from":"geelooy/games/scribe-journey/js/workers/botSystem.js","resolvedFile":"/geelooy/games/scribe-journey/js/workers/player_quest_system.js","key":"geelooy/games/scribe-journey/js/workers/player_quest_system.js"}
[T+14427ms] [MerkavaModule:start] {"file":"/geelooy/games/scribe-journey/js/workers/player_quest_system.js","from":"geelooy/games/scribe-journey/js/workers/botSystem.js","resolvedFile":"/geelooy/games/scribe-journey/js/workers/player_quest_system.js","key":"geelooy/games/scribe-journey/js/workers/player_quest_system.js"}
[T+14430ms] [MerkavaModule:done] {"key":"geelooy/games/scribe-journey/js/workers/player_quest_system.js","exports":["createPlayerQuest","assignQuestToBot","completePlayerQuest"]}
[T+14433ms] [MerkavaModule:done] {"key":"geelooy/games/scribe-journey/js/workers/botSystem.js","exports":["initBots","updateBots","interactWithBot","handleBotChoice"]}
[T+14434ms] [MerkavaModule:start] {"file":"/geelooy/games/scribe-journey/js/procedural/map_generator.js","from":"geelooy/games/scribe-journey/js/workers/world/interaction.js","resolvedFile":"/geelooy/games/scribe-journey/js/procedural/map_generator.js","key":"geelooy/games/scribe-journey/js/procedural/map_generator.js"}
[T+14434ms] [MerkavaModule:start] {"file":"/geelooy/games/scribe-journey/js/procedural/map_generator.js","from":"geelooy/games/scribe-journey/js/workers/world/interaction.js","resolvedFile":"/geelooy/games/scribe-journey/js/procedural/map_generator.js","key":"geelooy/games/scribe-journey/js/procedural/map_generator.js"}
[T+14437ms] [MerkavaModule:done] {"key":"geelooy/games/scribe-journey/js/procedural/map_generator.js","exports":["generateTractateMap"]}
[T+14437ms] [MerkavaModule:start] {"file":"/geelooy/games/scribe-journey/js/workers/world/dialogue.js","from":"geelooy/games/scribe-journey/js/workers/world/interaction.js","resolvedFile":"/geelooy/games/scribe-journey/js/workers/world/dialogue.js","key":"geelooy/games/scribe-journey/js/workers/world/dialogue.js"}
[T+14437ms] [MerkavaModule:start] {"file":"/geelooy/games/scribe-journey/js/workers/world/dialogue.js","from":"geelooy/games/scribe-journey/js/workers/world/interaction.js","resolvedFile":"/geelooy/games/scribe-journey/js/workers/world/dialogue.js","key":"geelooy/games/scribe-journey/js/workers/world/dialogue.js"}
[T+14441ms] [MerkavaModule:done] {"key":"geelooy/games/scribe-journey/js/workers/world/dialogue.js","exports":["startDialogue","advanceDialogue","handleDialogueChoice"]}
[T+14443ms] [MerkavaModule:done] {"key":"geelooy/games/scribe-journey/js/workers/world/interaction.js","exports":["checkInteraction"]}
[T+14446ms] [MerkavaModule:done] {"key":"geelooy/games/scribe-journey/js/workers/world.js","exports":["checkInteraction","startDialogue","advanceDialogue","handleDialogueChoice","handleKeyState","update"]}
[T+14447ms] [MerkavaModule:start] {"file":"/geelooy/games/scribe-journey/js/workers/combat.js","from":"geelooy/games/scribe-journey/js/workers/gameWorker.js","resolvedFile":"/geelooy/games/scribe-journey/js/workers/combat.js","key":"geelooy/games/scribe-journey/js/workers/combat.js"}
[T+14447ms] [MerkavaModule:start] {"file":"/geelooy/games/scribe-journey/js/workers/combat.js","from":"geelooy/games/scribe-journey/js/workers/gameWorker.js","resolvedFile":"/geelooy/games/scribe-journey/js/workers/combat.js","key":"geelooy/games/scribe-journey/js/workers/combat.js"}
[T+14448ms] [MerkavaModule:start] {"file":"/geelooy/games/scribe-journey/js/workers/combat/core.js","from":"geelooy/games/scribe-journey/js/workers/combat.js","resolvedFile":"/geelooy/games/scribe-journey/js/workers/combat/core.js","key":"geelooy/games/scribe-journey/js/workers/combat/core.js"}
[T+14448ms] [MerkavaModule:start] {"file":"/geelooy/games/scribe-journey/js/workers/combat/core.js","from":"geelooy/games/scribe-journey/js/workers/combat.js","resolvedFile":"/geelooy/games/scribe-journey/js/workers/combat/core.js","key":"geelooy/games/scribe-journey/js/workers/combat/core.js"}
[T+14450ms] [MerkavaModule:start] {"file":"/geelooy/games/scribe-journey/js/workers/combat/utils.js","from":"geelooy/games/scribe-journey/js/workers/combat/core.js","resolvedFile":"/geelooy/games/scribe-journey/js/workers/combat/utils.js","key":"geelooy/games/scribe-journey/js/workers/combat/utils.js"}
[T+14450ms] [MerkavaModule:start] {"file":"/geelooy/games/scribe-journey/js/workers/combat/utils.js","from":"geelooy/games/scribe-journey/js/workers/combat/core.js","resolvedFile":"/geelooy/games/scribe-journey/js/workers/combat/utils.js","key":"geelooy/games/scribe-journey/js/workers/combat/utils.js"}
[T+14453ms] [MerkavaModule:done] {"key":"geelooy/games/scribe-journey/js/workers/combat/utils.js","exports":["getMusagInstance","getBattleUIPayload"]}
[T+14453ms] [MerkavaModule:start] {"file":"/geelooy/games/scribe-journey/js/workers/combat/actions.js","from":"geelooy/games/scribe-journey/js/workers/combat/core.js","resolvedFile":"/geelooy/games/scribe-journey/js/workers/combat/actions.js","key":"geelooy/games/scribe-journey/js/workers/combat/actions.js"}
[T+14453ms] [MerkavaModule:start] {"file":"/geelooy/games/scribe-journey/js/workers/combat/actions.js","from":"geelooy/games/scribe-journey/js/workers/combat/core.js","resolvedFile":"/geelooy/games/scribe-journey/js/workers/combat/actions.js","key":"geelooy/games/scribe-journey/js/workers/combat/actions.js"}
[T+14455ms] [MerkavaModule:done] {"key":"geelooy/games/scribe-journey/js/workers/combat/actions.js","exports":["handlePlayerAction"]}
[T+14456ms] [MerkavaModule:start] {"file":"/geelooy/games/scribe-journey/js/data/mitzvahs.js","from":"geelooy/games/scribe-journey/js/workers/combat/core.js","resolvedFile":"/geelooy/games/scribe-journey/js/data/mitzvahs.js","key":"geelooy/games/scribe-journey/js/data/mitzvahs.js"}
[T+14456ms] [MerkavaModule:start] {"file":"/geelooy/games/scribe-journey/js/data/mitzvahs.js","from":"geelooy/games/scribe-journey/js/workers/combat/core.js","resolvedFile":"/geelooy/games/scribe-journey/js/data/mitzvahs.js","key":"geelooy/games/scribe-journey/js/data/mitzvahs.js"}
[T+14457ms] [MerkavaModule:start] {"file":"/geelooy/games/scribe-journey/js/data/mitzvahs/sefer_hamada.js","from":"geelooy/games/scribe-journey/js/data/mitzvahs.js","resolvedFile":"/geelooy/games/scribe-journey/js/data/mitzvahs/sefer_hamada.js","key":"geelooy/games/scribe-journey/js/data/mitzvahs/sefer_hamada.js"}
[T+14457ms] [MerkavaModule:start] {"file":"/geelooy/games/scribe-journey/js/data/mitzvahs/sefer_hamada.js","from":"geelooy/games/scribe-journey/js/data/mitzvahs.js","resolvedFile":"/geelooy/games/scribe-journey/js/data/mitzvahs/sefer_hamada.js","key":"geelooy/games/scribe-journey/js/data/mitzvahs/sefer_hamada.js"}
[T+14461ms] [MerkavaModule:done] {"key":"geelooy/games/scribe-journey/js/data/mitzvahs/sefer_hamada.js","exports":["seferHaMada"]}
[T+14464ms] [MerkavaModule:done] {"key":"geelooy/games/scribe-journey/js/data/mitzvahs.js","exports":["mitzvahList","checkMitzvahs","getMitzvahPayload"]}
[T+14464ms] [MerkavaModule:start] {"file":"/geelooy/games/scribe-journey/js/data/types.js","from":"geelooy/games/scribe-journey/js/workers/combat/core.js","resolvedFile":"/geelooy/games/scribe-journey/js/data/types.js","key":"geelooy/games/scribe-journey/js/data/types.js"}
[T+14464ms] [MerkavaModule:start] {"file":"/geelooy/games/scribe-journey/js/data/types.js","from":"geelooy/games/scribe-journey/js/workers/combat/core.js","resolvedFile":"/geelooy/games/scribe-journey/js/data/types.js","key":"geelooy/games/scribe-journey/js/data/types.js"}
[T+14467ms] [MerkavaModule:done] {"key":"geelooy/games/scribe-journey/js/data/types.js","exports":["TYPE_CHART","getTypeEffectiveness"]}
[T+14467ms] [MerkavaModule:start] {"file":"/geelooy/games/scribe-journey/js/data/evolutions.js","from":"geelooy/games/scribe-journey/js/workers/combat/core.js","resolvedFile":"/geelooy/games/scribe-journey/js/data/evolutions.js","key":"geelooy/games/scribe-journey/js/data/evolutions.js"}
[T+14467ms] [MerkavaModule:start] {"file":"/geelooy/games/scribe-journey/js/data/evolutions.js","from":"geelooy/games/scribe-journey/js/workers/combat/core.js","resolvedFile":"/geelooy/games/scribe-journey/js/data/evolutions.js","key":"geelooy/games/scribe-journey/js/data/evolutions.js"}
[T+14469ms] [MerkavaModule:done] {"key":"geelooy/games/scribe-journey/js/data/evolutions.js","exports":["evolutions"]}
[T+14469ms] [MerkavaModule:start] {"file":"/geelooy/games/scribe-journey/js/workers/combat/debateEffects.js","from":"geelooy/games/scribe-journey/js/workers/combat/core.js","resolvedFile":"/geelooy/games/scribe-journey/js/workers/combat/debateEffects.js","key":"geelooy/games/scribe-journey/js/workers/combat/debateEffects.js"}
[T+14470ms] [MerkavaModule:start] {"file":"/geelooy/games/scribe-journey/js/workers/combat/debateEffects.js","from":"geelooy/games/scribe-journey/js/workers/combat/core.js","resolvedFile":"/geelooy/games/scribe-journey/js/workers/combat/debateEffects.js","key":"geelooy/games/scribe-journey/js/workers/combat/debateEffects.js"}
[T+14472ms] [MerkavaModule:done] {"key":"geelooy/games/scribe-journey/js/workers/combat/debateEffects.js","exports":["DEBATE_EFFECTS","debateFx"]}
[T+14475ms] [MerkavaModule:done] {"key":"geelooy/games/scribe-journey/js/workers/combat/core.js","exports":["initiate","handleAction","end"]}
[T+14476ms] [MerkavaModule:done] {"key":"geelooy/games/scribe-journey/js/workers/combat.js","exports":["initiate","handleAction","end","getMusagInstance","getBattleUIPayload"]}
[T+14476ms] [MerkavaModule:start] {"file":"/geelooy/games/scribe-journey/js/workers/systems/time.js","from":"geelooy/games/scribe-journey/js/workers/gameWorker.js","resolvedFile":"/geelooy/games/scribe-journey/js/workers/systems/time.js","key":"geelooy/games/scribe-journey/js/workers/systems/time.js"}
[T+14476ms] [MerkavaModule:start] {"file":"/geelooy/games/scribe-journey/js/workers/systems/time.js","from":"geelooy/games/scribe-journey/js/workers/gameWorker.js","resolvedFile":"/geelooy/games/scribe-journey/js/workers/systems/time.js","key":"geelooy/games/scribe-journey/js/workers/systems/time.js"}
[T+14478ms] [MerkavaModule:done] {"key":"geelooy/games/scribe-journey/js/workers/systems/time.js","exports":["initTime","update"]}
[T+14479ms] [MerkavaModule:start] {"file":"/geelooy/games/scribe-journey/js/workers/systems/weather.js","from":"geelooy/games/scribe-journey/js/workers/gameWorker.js","resolvedFile":"/geelooy/games/scribe-journey/js/workers/systems/weather.js","key":"geelooy/games/scribe-journey/js/workers/systems/weather.js"}
[T+14479ms] [MerkavaModule:start] {"file":"/geelooy/games/scribe-journey/js/workers/systems/weather.js","from":"geelooy/games/scribe-journey/js/workers/gameWorker.js","resolvedFile":"/geelooy/games/scribe-journey/js/workers/systems/weather.js","key":"geelooy/games/scribe-journey/js/workers/systems/weather.js"}
[T+14481ms] [MerkavaModule:done] {"key":"geelooy/games/scribe-journey/js/workers/systems/weather.js","exports":["update"]}
[T+14481ms] [MerkavaModule:start] {"file":"/geelooy/games/scribe-journey/js/workers/systems/farming.js","from":"geelooy/games/scribe-journey/js/workers/gameWorker.js","resolvedFile":"/geelooy/games/scribe-journey/js/workers/systems/farming.js","key":"geelooy/games/scribe-journey/js/workers/systems/farming.js"}
[T+14481ms] [MerkavaModule:start] {"file":"/geelooy/games/scribe-journey/js/workers/systems/farming.js","from":"geelooy/games/scribe-journey/js/workers/gameWorker.js","resolvedFile":"/geelooy/games/scribe-journey/js/workers/systems/farming.js","key":"geelooy/games/scribe-journey/js/workers/systems/farming.js"}
[T+14483ms] [MerkavaModule:done] {"key":"geelooy/games/scribe-journey/js/workers/systems/farming.js","exports":["update"]}
[T+14483ms] [MerkavaModule:start] {"file":"/geelooy/games/scribe-journey/js/workers/systems/calendar.js","from":"geelooy/games/scribe-journey/js/workers/gameWorker.js","resolvedFile":"/geelooy/games/scribe-journey/js/workers/systems/calendar.js","key":"geelooy/games/scribe-journey/js/workers/systems/calendar.js"}
[T+14484ms] [MerkavaModule:start] {"file":"/geelooy/games/scribe-journey/js/workers/systems/calendar.js","from":"geelooy/games/scribe-journey/js/workers/gameWorker.js","resolvedFile":"/geelooy/games/scribe-journey/js/workers/systems/calendar.js","key":"geelooy/games/scribe-journey/js/workers/systems/calendar.js"}
[T+14485ms] [MerkavaModule:start] {"file":"/geelooy/games/scribe-journey/js/data/library/parshas.js","from":"geelooy/games/scribe-journey/js/workers/systems/calendar.js","resolvedFile":"/geelooy/games/scribe-journey/js/data/library/parshas.js","key":"geelooy/games/scribe-journey/js/data/library/parshas.js"}
[T+14485ms] [MerkavaModule:start] {"file":"/geelooy/games/scribe-journey/js/data/library/parshas.js","from":"geelooy/games/scribe-journey/js/workers/systems/calendar.js","resolvedFile":"/geelooy/games/scribe-journey/js/data/library/parshas.js","key":"geelooy/games/scribe-journey/js/data/library/parshas.js"}
[T+14488ms] [MerkavaModule:done] {"key":"geelooy/games/scribe-journey/js/data/library/parshas.js","exports":["parshas"]}
[T+14490ms] [MerkavaModule:done] {"key":"geelooy/games/scribe-journey/js/workers/systems/calendar.js","exports":["getCurrentParsha","getHebrewDate"]}
[T+14490ms] [MerkavaModule:start] {"file":"/geelooy/games/scribe-journey/js/workers/systems/triggers.js","from":"geelooy/games/scribe-journey/js/workers/gameWorker.js","resolvedFile":"/geelooy/games/scribe-journey/js/workers/systems/triggers.js","key":"geelooy/games/scribe-journey/js/workers/systems/triggers.js"}
[T+14490ms] [MerkavaModule:start] {"file":"/geelooy/games/scribe-journey/js/workers/systems/triggers.js","from":"geelooy/games/scribe-journey/js/workers/gameWorker.js","resolvedFile":"/geelooy/games/scribe-journey/js/workers/systems/triggers.js","key":"geelooy/games/scribe-journey/js/workers/systems/triggers.js"}
[T+14494ms] [MerkavaModule:done] {"key":"geelooy/games/scribe-journey/js/workers/systems/triggers.js","exports":["createTriggers"]}
[T+14494ms] [MerkavaModule:start] {"file":"/geelooy/games/scribe-journey/js/workers/systems/ui_actions.js","from":"geelooy/games/scribe-journey/js/workers/gameWorker.js","resolvedFile":"/geelooy/games/scribe-journey/js/workers/systems/ui_actions.js","key":"geelooy/games/scribe-journey/js/workers/systems/ui_actions.js"}
[T+14494ms] [MerkavaModule:start] {"file":"/geelooy/games/scribe-journey/js/workers/systems/ui_actions.js","from":"geelooy/games/scribe-journey/js/workers/gameWorker.js","resolvedFile":"/geelooy/games/scribe-journey/js/workers/systems/ui_actions.js","key":"geelooy/games/scribe-journey/js/workers/systems/ui_actions.js"}
[T+14496ms] [MerkavaModule:start] {"file":"/geelooy/games/scribe-journey/js/workers/crafting.js","from":"geelooy/games/scribe-journey/js/workers/systems/ui_actions.js","resolvedFile":"/geelooy/games/scribe-journey/js/workers/crafting.js","key":"geelooy/games/scribe-journey/js/workers/crafting.js"}
[T+14496ms] [MerkavaModule:start] {"file":"/geelooy/games/scribe-journey/js/workers/crafting.js","from":"geelooy/games/scribe-journey/js/workers/systems/ui_actions.js","resolvedFile":"/geelooy/games/scribe-journey/js/workers/crafting.js","key":"geelooy/games/scribe-journey/js/workers/crafting.js"}
[T+14497ms] [MerkavaModule:start] {"file":"/geelooy/games/scribe-journey/js/data/items/crafting.js","from":"geelooy/games/scribe-journey/js/workers/crafting.js","resolvedFile":"/geelooy/games/scribe-journey/js/data/items/crafting.js","key":"geelooy/games/scribe-journey/js/data/items/crafting.js"}
[T+14497ms] [MerkavaModule:start] {"file":"/geelooy/games/scribe-journey/js/data/items/crafting.js","from":"geelooy/games/scribe-journey/js/workers/crafting.js","resolvedFile":"/geelooy/games/scribe-journey/js/data/items/crafting.js","key":"geelooy/games/scribe-journey/js/data/items/crafting.js"}
[T+14499ms] [MerkavaModule:start] {"file":"/geelooy/games/scribe-journey/js/data/recipes/cooking.js","from":"geelooy/games/scribe-journey/js/data/items/crafting.js","resolvedFile":"/geelooy/games/scribe-journey/js/data/recipes/cooking.js","key":"geelooy/games/scribe-journey/js/data/recipes/cooking.js"}
[T+14499ms] [MerkavaModule:start] {"file":"/geelooy/games/scribe-journey/js/data/recipes/cooking.js","from":"geelooy/games/scribe-journey/js/data/items/crafting.js","resolvedFile":"/geelooy/games/scribe-journey/js/data/recipes/cooking.js","key":"geelooy/games/scribe-journey/js/data/recipes/cooking.js"}
[T+14502ms] [MerkavaModule:done] {"key":"geelooy/games/scribe-journey/js/data/recipes/cooking.js","exports":["cookingRecipes"]}
[T+14502ms] [MerkavaModule:start] {"file":"/geelooy/games/scribe-journey/js/data/recipes/scribing.js","from":"geelooy/games/scribe-journey/js/data/items/crafting.js","resolvedFile":"/geelooy/games/scribe-journey/js/data/recipes/scribing.js","key":"geelooy/games/scribe-journey/js/data/recipes/scribing.js"}
[T+14502ms] [MerkavaModule:start] {"file":"/geelooy/games/scribe-journey/js/data/recipes/scribing.js","from":"geelooy/games/scribe-journey/js/data/items/crafting.js","resolvedFile":"/geelooy/games/scribe-journey/js/data/recipes/scribing.js","key":"geelooy/games/scribe-journey/js/data/recipes/scribing.js"}
[T+14506ms] [MerkavaModule:done] {"key":"geelooy/games/scribe-journey/js/data/recipes/scribing.js","exports":["scribingRecipes"]}
[T+14507ms] [MerkavaModule:start] {"file":"/geelooy/games/scribe-journey/js/data/recipes/smithing.js","from":"geelooy/games/scribe-journey/js/data/items/crafting.js","resolvedFile":"/geelooy/games/scribe-journey/js/data/recipes/smithing.js","key":"geelooy/games/scribe-journey/js/data/recipes/smithing.js"}
[T+14507ms] [MerkavaModule:start] {"file":"/geelooy/games/scribe-journey/js/data/recipes/smithing.js","from":"geelooy/games/scribe-journey/js/data/items/crafting.js","resolvedFile":"/geelooy/games/scribe-journey/js/data/recipes/smithing.js","key":"geelooy/games/scribe-journey/js/data/recipes/smithing.js"}
[T+14511ms] [MerkavaModule:done] {"key":"geelooy/games/scribe-journey/js/data/recipes/smithing.js","exports":["smithingRecipes"]}
[T+14513ms] [MerkavaModule:done] {"key":"geelooy/games/scribe-journey/js/data/items/crafting.js","exports":["recipes"]}
[T+14514ms] [MerkavaModule:done] {"key":"geelooy/games/scribe-journey/js/workers/crafting.js","exports":["getCraftingPayload","craftItem"]}
[T+14515ms] [MerkavaModule:start] {"file":"/geelooy/games/scribe-journey/js/data/features_666.js","from":"geelooy/games/scribe-journey/js/workers/systems/ui_actions.js","resolvedFile":"/geelooy/games/scribe-journey/js/data/features_666.js","key":"geelooy/games/scribe-journey/js/data/features_666.js"}
[T+14515ms] [MerkavaModule:start] {"file":"/geelooy/games/scribe-journey/js/data/features_666.js","from":"geelooy/games/scribe-journey/js/workers/systems/ui_actions.js","resolvedFile":"/geelooy/games/scribe-journey/js/data/features_666.js","key":"geelooy/games/scribe-journey/js/data/features_666.js"}
[T+14520ms] [MerkavaModule:done] {"key":"geelooy/games/scribe-journey/js/data/features_666.js","exports":["featureList","apply666Features"]}
[T+14521ms] [MerkavaModule:start] {"file":"/geelooy/games/scribe-journey/js/data/gates_37.js","from":"geelooy/games/scribe-journey/js/workers/systems/ui_actions.js","resolvedFile":"/geelooy/games/scribe-journey/js/data/gates_37.js","key":"geelooy/games/scribe-journey/js/data/gates_37.js"}
[T+14521ms] [MerkavaModule:start] {"file":"/geelooy/games/scribe-journey/js/data/gates_37.js","from":"geelooy/games/scribe-journey/js/workers/systems/ui_actions.js","resolvedFile":"/geelooy/games/scribe-journey/js/data/gates_37.js","key":"geelooy/games/scribe-journey/js/data/gates_37.js"}
[T+14525ms] [MerkavaModule:done] {"key":"geelooy/games/scribe-journey/js/data/gates_37.js","exports":["gates37"]}
[T+14527ms] [MerkavaModule:done] {"key":"geelooy/games/scribe-journey/js/workers/systems/ui_actions.js","exports":["handleUIAction","getPayloadForScreen"]}
[T+14531ms] [MerkavaModule:done] {"key":"geelooy/games/scribe-journey/js/workers/gameWorker.js","exports":["initGame","gameLoop","dispatch"]}
[T+14533ms] [MerkavaModule:done] {"key":"geelooy/games/scribe-journey/js/main.js","exports":[]}
[T+14539ms] [MerkavaStep:done] {"type":"module","inline":false,"resolved":"geelooy/games/scribe-journey/js/main.js"}
[T+14541ms] [MerkavaLifecycle:start] DOMContentLoaded
[T+14541ms] [MerkavaLifecycle:start] DOMContentLoaded
[T+14936ms] [MerkavaLifecycle:done] DOMContentLoaded
[T+14936ms] [MerkavaLifecycle:done] DOMContentLoaded
[T+14936ms] [MerkavaLifecycle:start] load
[T+14936ms] [MerkavaLifecycle:start] load
[T+14937ms] [MerkavaLifecycle:done] load
[T+14937ms] [MerkavaLifecycle:done] load
[T+14937ms] [MerkavaLifecycle:start] settle
[T+14937ms] [MerkavaLifecycle:start] settle 0
[T+14939ms] [MerkavaLifecycle:done] settle
[T+14939ms] [MerkavaLifecycle:done] settle
